AllocationYear,OrganizationType,PooledFundName,PooledFundIso,FundType,ApprovedReserveBudget,ApprovedStandardBudget,PipelineReserveBudget,PipelineStandardBudget,ApprovedRrBudget,ApprovedUnderfundedBudget,PipelineRrBudget,PipelineUnderfundedBudget
2014,International NGO,Afghanistan,AF,cbpf,1550684.18,7942812.69,0,0,0,0,0,0
2014,National NGO,Afghanistan,AF,cbpf,66943.48,1716912.4,0,0,0,0,0,0
2014,UN Agency,Afghanistan,AF,cbpf,4365932.57,19126700.25,0,0,0,0,0,0
2015,International NGO,Afghanistan,AF,cbpf,2689457.14,17359233.13,0,0,0,0,0,0
2015,National NGO,Afghanistan,AF,cbpf,0,1472281.82,0,0,0,0,0,0
2015,UN Agency,Afghanistan,AF,cbpf,3357883.78,12882148.2,0,0,0,0,0,0
2016,International NGO,Afghanistan,AF,cbpf,3328650.19,17828990.15,0,0,0,0,0,0
2016,National NGO,Afghanistan,AF,cbpf,1434908.22,4874277.43,0,0,0,0,0,0
2016,UN Agency,Afghanistan,AF,cbpf,1314127.99,10973256.51,0,0,0,0,0,0
2017,International NGO,Afghanistan,AF,cbpf,883443.98,20288426.81,0,0,0,0,0,0
2017,National NGO,Afghanistan,AF,cbpf,0,8037912.88,0,0,0,0,0,0
2017,UN Agency,Afghanistan,AF,cbpf,3216751.47,12460083.58,0,0,0,0,0,0
2018,International NGO,Afghanistan,AF,cbpf,10902301.08,19268478.54,0,0,0,0,0,0
2018,National NGO,Afghanistan,AF,cbpf,3711123.31,5728721.79,0,0,0,0,0,0
2018,UN Agency,Afghanistan,AF,cbpf,15557471.39,7416673.83,0,0,0,0,0,0
2019,International NGO,Afghanistan,AF,cbpf,18425769,13401988.13,0,0,0,0,0,0
2019,National NGO,Afghanistan,AF,cbpf,1900373,1496799.86,467060.35,0,0,0,0,0
2019,UN Agency,Afghanistan,AF,cbpf,24261338.3,4420070.68,0,0,0,0,0,0
2020,UN Agency,Afghanistan,AF,cbpf,0,0,1498155.15,0,0,0,0,0
2014,International NGO,CAR,CF,cbpf,1624613,14381520.98,0,0,0,0,0,0
2014,National NGO,CAR,CF,cbpf,199999.44,1668355.77,0,0,0,0,0,0
2014,UN Agency,CAR,CF,cbpf,219264.4,2697555.03,0,0,0,0,0,0
2015,International NGO,CAR,CF,cbpf,691204.24,15909990.03,0,0,0,0,0,0
2015,National NGO,CAR,CF,cbpf,199500,1814054.32,0,0,0,0,0,0
2015,UN Agency,CAR,CF,cbpf,3495670.15,3105146.49,0,0,0,0,0,0
2016,International NGO,CAR,CF,cbpf,909999.71,14920987.99,0,0,0,0,0,0
2016,National NGO,CAR,CF,cbpf,0,2866500.57,0,0,0,0,0,0
2016,UN Agency,CAR,CF,cbpf,2470007.83,1490388.31,0,0,0,0,0,0
2017,International NGO,CAR,CF,cbpf,4512663.29,11592179.65,0,249973.4,0,0,0,0
2017,National NGO,CAR,CF,cbpf,133197.67,793266.68,0,350054.78,0,0,0,0
2017,UN Agency,CAR,CF,cbpf,2766606.53,2346074.99,0,0,0,0,0,0
2018,International NGO,CAR,CF,cbpf,960495.45,15871169.17,419910.8,0,0,0,0,0
2018,National NGO,CAR,CF,cbpf,0,1682069.66,0,80629.85,0,0,0,0
2018,UN Agency,CAR,CF,cbpf,700001.38,9179084.32,0,0,0,0,0,0
2019,International NGO,CAR,CF,cbpf,1276168.16,19364840.56,0,0,0,0,0,0
2019,National NGO,CAR,CF,cbpf,0,3417915.82,0,0,0,0,0,0
2019,Others,CAR,CF,cbpf,311966.19,0,0,0,0,0,0,0
2019,UN Agency,CAR,CF,cbpf,2020424.49,12607106.79,0,0,0,0,0,0
2013,International NGO,Colombia,CO,cbpf,399514.89,0,0,0,0,0,0,0
2013,National NGO,Colombia,CO,cbpf,250000,0,0,0,0,0,0,0
2013,UN Agency,Colombia,CO,cbpf,250000,0,0,0,0,0,0,0
2014,International NGO,Colombia,CO,cbpf,2382121.21,0,0,0,0,0,0,0
2014,National NGO,Colombia,CO,cbpf,367966.5,0,0,0,0,0,0,0
2015,International NGO,Colombia,CO,cbpf,1104519.42,409752.51,0,0,0,0,0,0
2015,National NGO,Colombia,CO,cbpf,135398.59,465110.82,0,0,0,0,0,0
2016,International NGO,Colombia,CO,cbpf,0,1173815,0,0,0,0,0,0
2016,National NGO,Colombia,CO,cbpf,430245.04,519245.55,0,0,0,0,0,0
2017,International NGO,Colombia,CO,cbpf,150000,297973.85,0,0,0,0,0,0
2017,National NGO,Colombia,CO,cbpf,419645.62,299998.7,0,0,0,0,0,0
2013,International NGO,DRC,CD,cbpf,6410898.44,0,0,0,0,0,0,0
2013,National NGO,DRC,CD,cbpf,909000,0,0,0,0,0,0,0
2013,UN Agency,DRC,CD,cbpf,850000,0,0,0,0,0,0,0
2014,International NGO,DRC,CD,cbpf,4980381,14959986.36,0,0,0,0,0,0
2014,National NGO,DRC,CD,cbpf,2279758,6659343,0,0,0,0,0,0
2014,UN Agency,DRC,CD,cbpf,21823359.75,8893678.95,0,0,0,0,0,0
2015,International NGO,DRC,CD,cbpf,11158286.36,0,0,0,0,0,0,0
2015,National NGO,DRC,CD,cbpf,6709176.8,0,0,0,0,0,0,0
2015,UN Agency,DRC,CD,cbpf,12128980.15,0,0,0,0,0,0,0
2016,International NGO,DRC,CD,cbpf,23284608.06,9215611.68,0,0,0,0,0,0
2016,National NGO,DRC,CD,cbpf,9260549.08,2741388.71,0,0,0,0,0,0
2016,Others,DRC,CD,cbpf,0,477377.11,0,0,0,0,0,0
2016,UN Agency,DRC,CD,cbpf,12890004.95,0,0,0,0,0,0,0
2017,International NGO,DRC,CD,cbpf,14063181.13,2371195.72,0,0,0,0,0,0
2017,National NGO,DRC,CD,cbpf,12097557.38,1628349.74,0,0,0,0,0,0
2017,UN Agency,DRC,CD,cbpf,5668143.66,0,0,0,0,0,0,0
2018,International NGO,DRC,CD,cbpf,34333775.71,6395319.16,0,0,0,0,0,0
2018,National NGO,DRC,CD,cbpf,20430084.16,3614076.55,0,0,0,0,0,0
2018,Others,DRC,CD,cbpf,1288881.49,0,0,0,0,0,0,0
2018,UN Agency,DRC,CD,cbpf,1816829.97,0,0,0,0,0,0,0
2019,International NGO,DRC,CD,cbpf,24015921.71,29269719.42,0,0,0,0,0,0
2019,National NGO,DRC,CD,cbpf,6352280.28,12028434.65,0,0,0,0,0,0
2019,Others,DRC,CD,cbpf,0,1076200.22,0,0,0,0,0,0
2019,UN Agency,DRC,CD,cbpf,4247688.56,0,0,0,0,0,0,0
2013,International NGO,Ethiopia,ET,cbpf,3354718.91,0,0,0,0,0,0,0
2013,UN Agency,Ethiopia,ET,cbpf,7059449.83,0,0,0,0,0,0,0
2014,International NGO,Ethiopia,ET,cbpf,9179988.77,0,0,0,0,0,0,0
2014,UN Agency,Ethiopia,ET,cbpf,7787093.6,0,0,0,0,0,0,0
2015,International NGO,Ethiopia,ET,cbpf,8480029.53,26952317.73,0,477259.32,0,0,0,0
2015,National NGO,Ethiopia,ET,cbpf,496051.15,513640.73,0,0,0,0,0,0
2015,UN Agency,Ethiopia,ET,cbpf,2500776.2,2303734.61,0,0,0,0,0,0
2016,International NGO,Ethiopia,ET,cbpf,0,34886991.34,0,0,0,0,0,0
2016,UN Agency,Ethiopia,ET,cbpf,0,25636268.07,0,0,0,0,0,0
2017,International NGO,Ethiopia,ET,cbpf,4640274.33,44941886.22,0,0,0,0,0,0
2017,National NGO,Ethiopia,ET,cbpf,239999.4,1520824.25,0,0,0,0,0,0
2017,UN Agency,Ethiopia,ET,cbpf,5746720.9,35245894.02,0,0,0,0,0,0
2018,International NGO,Ethiopia,ET,cbpf,24117594.13,27283012.72,0,0,0,0,0,0
2018,National NGO,Ethiopia,ET,cbpf,1308647.01,1416348.12,0,0,0,0,0,0
2018,UN Agency,Ethiopia,ET,cbpf,20456282.99,10085650.87,0,0,0,0,0,0
2019,International NGO,Ethiopia,ET,cbpf,0,41853531.55,0,0,0,0,0,0
2019,National NGO,Ethiopia,ET,cbpf,0,2685470.19,0,0,0,0,0,0
2019,UN Agency,Ethiopia,ET,cbpf,0,16038488.53,0,250000.15,0,0,0,0
2013,International NGO,Haiti,HT,cbpf,562258.29,0,0,0,0,0,0,0
2013,National NGO,Haiti,HT,cbpf,213786.98,0,0,0,0,0,0,0
2013,UN Agency,Haiti,HT,cbpf,169199.1,0,0,0,0,0,0,0
2014,International NGO,Haiti,HT,cbpf,1764930.31,0,0,0,0,0,0,0
2014,National NGO,Haiti,HT,cbpf,1550084.52,0,0,0,0,0,0,0
2014,UN Agency,Haiti,HT,cbpf,1028368.29,0,0,0,0,0,0,0
2015,International NGO,Haiti,HT,cbpf,971236.31,0,0,0,0,0,0,0
2015,National NGO,Haiti,HT,cbpf,406803.3,0,0,0,0,0,0,0
2015,UN Agency,Haiti,HT,cbpf,724507,0,0,0,0,0,0,0
2015,International NGO,Iraq,IQ,cbpf,0,10706025.2,0,0,0,0,0,0
2015,National NGO,Iraq,IQ,cbpf,0,3468106.16,0,0,0,0,0,0
2015,UN Agency,Iraq,IQ,cbpf,0,8105911.4,0,0,0,0,0,0
2016,International NGO,Iraq,IQ,cbpf,1388649.07,35991325.64,0,0,0,0,0,0
2016,National NGO,Iraq,IQ,cbpf,0,8612872.14,0,0,0,0,0,0
2016,Others,Iraq,IQ,cbpf,0,1751697.02,0,0,0,0,0,0
2016,UN Agency,Iraq,IQ,cbpf,4658675.72,35883506.94,0,0,0,0,0,0
2017,International NGO,Iraq,IQ,cbpf,12479679.73,26068443.2,0,0,0,0,0,0
2017,National NGO,Iraq,IQ,cbpf,3152204.37,3801854.93,0,0,0,0,0,0
2017,Others,Iraq,IQ,cbpf,620000.8,1149240.69,0,0,0,0,0,0
2017,UN Agency,Iraq,IQ,cbpf,13230162.47,16031265.79,0,0,0,0,0,0
2018,International NGO,Iraq,IQ,cbpf,0,21021626.8,0,0,0,0,0,0
2018,National NGO,Iraq,IQ,cbpf,0,3155886.8,0,0,0,0,0,0
2018,Others,Iraq,IQ,cbpf,0,1129676.83,0,0,0,0,0,0
2018,UN Agency,Iraq,IQ,cbpf,2631581.11,8652166.12,0,0,0,0,0,0
2019,International NGO,Iraq,IQ,cbpf,927604.64,55577257.45,0,0,0,0,0,0
2019,National NGO,Iraq,IQ,cbpf,0,2940516.43,0,0,0,0,0,0
2019,UN Agency,Iraq,IQ,cbpf,8361001.4,10078343.09,0,0,0,0,0,0
2015,International NGO,Jordan,JO,cbpf,380979.56,9317771.66,0,0,0,0,0,0
2015,National NGO,Jordan,JO,cbpf,400038.72,873304.28,0,0,0,0,0,0
2015,UN Agency,Jordan,JO,cbpf,0,495008.86,0,0,0,0,0,0
2016,International NGO,Jordan,JO,cbpf,172373.58,8852007.97,0,0,0,0,0,0
2016,National NGO,Jordan,JO,cbpf,0,2833388.51,0,0,0,0,0,0
2017,International NGO,Jordan,JO,cbpf,0,6036483.76,0,0,0,0,0,0
2017,National NGO,Jordan,JO,cbpf,0,1829545.14,0,0,0,0,0,0
2017,Others,Jordan,JO,cbpf,249972.87,0,0,0,0,0,0,0
2017,UN Agency,Jordan,JO,cbpf,0,339213.54,0,0,0,0,0,0
2018,International NGO,Jordan,JO,cbpf,600003.04,5795015.28,0,0,0,0,0,0
2018,National NGO,Jordan,JO,cbpf,399997.03,2323762.3,0,0,0,0,0,0
2018,Others,Jordan,JO,cbpf,0,397740.08,0,0,0,0,0,0
2018,UN Agency,Jordan,JO,cbpf,856000,0,0,0,0,0,0,0
2019,International NGO,Jordan,JO,cbpf,40320.81,5661381.23,0,0,0,0,0,0
2019,National NGO,Jordan,JO,cbpf,0,1842510.55,0,0,0,0,0,0
2019,Others,Jordan,JO,cbpf,0,415965.18,0,0,0,0,0,0
2019,UN Agency,Jordan,JO,cbpf,595444.86,0,0,0,0,0,0,0
2015,International NGO,Lebanon,LB,cbpf,0,3205731.62,0,0,0,0,0,0
2015,National NGO,Lebanon,LB,cbpf,0,1966289.66,0,0,0,0,0,0
2015,UN Agency,Lebanon,LB,cbpf,0,298653.25,0,0,0,0,0,0
2016,International NGO,Lebanon,LB,cbpf,3841919.28,17180246,0,0,0,0,0,0
2016,National NGO,Lebanon,LB,cbpf,609717.72,4028224.26,0,0,0,0,0,0
2016,UN Agency,Lebanon,LB,cbpf,0,1784862,0,0,0,0,0,0
2017,International NGO,Lebanon,LB,cbpf,936831.46,1625549.55,0,0,0,0,0,0
2017,National NGO,Lebanon,LB,cbpf,654440.3,2171288.26,0,0,0,0,0,0
2017,Others,Lebanon,LB,cbpf,145622.75,114371.87,0,0,0,0,0,0
2017,UN Agency,Lebanon,LB,cbpf,99799.97,0,0,0,0,0,0,0
2018,International NGO,Lebanon,LB,cbpf,804877.2,4046105.01,0,0,0,0,0,0
2018,National NGO,Lebanon,LB,cbpf,353380.84,5021663.45,0,0,0,0,0,0
2018,UN Agency,Lebanon,LB,cbpf,4469896.16,0,0,0,0,0,0,0
2019,International NGO,Lebanon,LB,cbpf,0,4543101.07,0,0,0,0,0,0
2019,National NGO,Lebanon,LB,cbpf,0,2584257.88,0,0,0,0,0,0
2019,UN Agency,Lebanon,LB,cbpf,3116047.6,720792.27,0,0,0,0,0,0
2013,International NGO,Myanmar,MM,cbpf,78945,0,0,0,0,0,0,0
2014,International NGO,Myanmar,MM,cbpf,2475253.26,0,0,0,0,0,0,0
2014,National NGO,Myanmar,MM,cbpf,612676.38,0,0,0,0,0,0,0
2015,International NGO,Myanmar,MM,cbpf,1012626.65,3060318.16,0,0,0,0,0,0
2015,National NGO,Myanmar,MM,cbpf,491188.16,456668.38,0,0,0,0,0,0
2016,International NGO,Myanmar,MM,cbpf,2406512.42,0,0,0,0,0,0,0
2016,National NGO,Myanmar,MM,cbpf,2149251.72,0,0,0,0,0,0,0
2016,UN Agency,Myanmar,MM,cbpf,999465.48,0,0,0,0,0,0,0
2017,International NGO,Myanmar,MM,cbpf,2667027.34,4166200.98,0,0,0,0,0,0
2017,National NGO,Myanmar,MM,cbpf,399423.91,1901504.57,0,0,0,0,0,0
2017,UN Agency,Myanmar,MM,cbpf,0,661128.61,0,0,0,0,0,0
2018,International NGO,Myanmar,MM,cbpf,995939.27,6657188.48,0,0,0,0,0,0
2018,National NGO,Myanmar,MM,cbpf,0,3811141.26,0,0,0,0,0,0
2018,UN Agency,Myanmar,MM,cbpf,0,1351583.51,0,0,0,0,0,0
2019,International NGO,Myanmar,MM,cbpf,1489308.46,9335377.46,0,0,0,0,0,0
2019,National NGO,Myanmar,MM,cbpf,0,4156497.04,0,0,0,0,0,0
2019,UN Agency,Myanmar,MM,cbpf,0,475746.77,0,0,0,0,0,0
2017,International NGO,Nigeria,NG,cbpf,0,6335098.32,0,0,0,0,0,0
2017,National NGO,Nigeria,NG,cbpf,0,1173537.66,0,0,0,0,0,0
2017,UN Agency,Nigeria,NG,cbpf,0,16450513.23,0,0,0,0,0,0
2018,International NGO,Nigeria,NG,cbpf,4136902.48,4525760.47,0,0,0,0,0,0
2018,National NGO,Nigeria,NG,cbpf,0,2993361.49,0,0,0,0,0,0
2018,UN Agency,Nigeria,NG,cbpf,15904223.98,8506675.1,0,0,0,0,0,0
2019,International NGO,Nigeria,NG,cbpf,12689116.99,0,1200000,0,0,0,0,0
2019,National NGO,Nigeria,NG,cbpf,3875181.95,0,200060.47,0,0,0,0,0
2019,UN Agency,Nigeria,NG,cbpf,10128519.98,0,0,0,0,0,0,0
2013,International NGO,oPt,PS,cbpf,204798,0,0,0,0,0,0,0
2013,National NGO,oPt,PS,cbpf,247725,0,0,0,0,0,0,0
2013,UN Agency,oPt,PS,cbpf,300000,0,0,0,0,0,0,0
2014,International NGO,oPt,PS,cbpf,9397391.03,0,0,0,0,0,0,0
2014,National NGO,oPt,PS,cbpf,6876411.57,0,0,0,0,0,0,0
2014,UN Agency,oPt,PS,cbpf,1497273.15,0,0,0,0,0,0,0
2015,International NGO,oPt,PS,cbpf,929777.04,4187600.27,0,0,0,0,0,0
2015,National NGO,oPt,PS,cbpf,523793.35,1353887.85,0,0,0,0,0,0
2015,UN Agency,oPt,PS,cbpf,250062,0,0,0,0,0,0,0
2016,International NGO,oPt,PS,cbpf,0,4480351.14,0,0,0,0,0,0
2016,National NGO,oPt,PS,cbpf,137462.39,1160444.27,0,0,0,0,0,0
2016,UN Agency,oPt,PS,cbpf,948843.38,1431806.32,0,0,0,0,0,0
2017,International NGO,oPt,PS,cbpf,862000.32,2526238.05,0,0,0,0,0,0
2017,National NGO,oPt,PS,cbpf,1190330.6,2446325.57,0,0,0,0,0,0
2017,UN Agency,oPt,PS,cbpf,4213546.73,500002.35,0,0,0,0,0,0
2018,International NGO,oPt,PS,cbpf,3827862.74,6704317.4,0,0,0,0,0,0
2018,National NGO,oPt,PS,cbpf,1758429.59,3984968.74,0,0,0,0,0,0
2018,UN Agency,oPt,PS,cbpf,3858849.85,1038505.13,0,0,0,0,0,0
2019,International NGO,oPt,PS,cbpf,0,16358363.08,0,0,0,0,0,0
2019,National NGO,oPt,PS,cbpf,0,7589783.35,0,0,0,0,0,0
2019,Others,oPt,PS,cbpf,0,369062.26,0,0,0,0,0,0
2019,UN Agency,oPt,PS,cbpf,0,3091271.84,0,0,0,0,0,0
2020,International NGO,oPt,PS,cbpf,873903.16,0,627785.36,0,0,0,0,0
2020,National NGO,oPt,PS,cbpf,501502.11,0,0,0,0,0,0,0
2013,International NGO,Pakistan,PK,cbpf,3774739,0,0,0,0,0,0,0
2013,National NGO,Pakistan,PK,cbpf,3393030.96,0,0,0,0,0,0,0
2013,UN Agency,Pakistan,PK,cbpf,749610.47,0,0,0,0,0,0,0
2014,International NGO,Pakistan,PK,cbpf,2633386.24,0,0,0,0,0,0,0
2014,National NGO,Pakistan,PK,cbpf,4251406.82,0,0,0,0,0,0,0
2015,International NGO,Pakistan,PK,cbpf,590002.02,1521936.81,0,0,0,0,0,0
2015,National NGO,Pakistan,PK,cbpf,1339061.71,5488125.82,0,0,0,0,0,0
2015,UN Agency,Pakistan,PK,cbpf,327391.28,950452.71,0,0,0,0,0,0
2016,International NGO,Pakistan,PK,cbpf,0,543078.5,0,0,0,0,0,0
2016,National NGO,Pakistan,PK,cbpf,0,4618007.91,0,0,0,0,0,0
2016,UN Agency,Pakistan,PK,cbpf,324284.52,800388.37,0,0,0,0,0,0
2017,International NGO,Pakistan,PK,cbpf,0,500000,0,0,0,0,0,0
2017,National NGO,Pakistan,PK,cbpf,0,4742523.07,0,0,0,0,0,0
2017,UN Agency,Pakistan,PK,cbpf,0,556981.6,0,0,0,0,0,0
2018,International NGO,Pakistan,PK,cbpf,0,1585649.85,0,0,0,0,0,0
2018,National NGO,Pakistan,PK,cbpf,125054.32,3647468.29,0,2254308.82,0,0,0,0
2019,International NGO,Pakistan,PK,cbpf,968293.56,922481.06,0,0,0,0,0,0
2019,National NGO,Pakistan,PK,cbpf,1373442.38,1927459.09,0,0,0,0,0,0
2019,UN Agency,Pakistan,PK,cbpf,1498308.7,2200433.36,0,0,0,0,0,0
2010,International NGO,Somalia,SO,cbpf,79049,7325460,0,0,0,0,0,0
2010,National NGO,Somalia,SO,cbpf,118440,2074006,0,0,0,0,0,0
2010,UN Agency,Somalia,SO,cbpf,0,10298470,0,0,0,0,0,0
2011,International NGO,Somalia,SO,cbpf,10175525.5,24173981,0,0,0,0,0,0
2011,National NGO,Somalia,SO,cbpf,14909578.38,13315371,0,0,0,0,0,0
2011,UN Agency,Somalia,SO,cbpf,1834780,20539715,0,0,0,0,0,0
2012,International NGO,Somalia,SO,cbpf,2708932.99,34426296.06,0,0,0,0,0,0
2012,National NGO,Somalia,SO,cbpf,1425667,20188852.33,0,0,0,0,0,0
2012,UN Agency,Somalia,SO,cbpf,5022697.61,25935434,0,0,0,0,0,0
2013,International NGO,Somalia,SO,cbpf,3262165.72,13814902.58,0,0,0,0,0,0
2013,National NGO,Somalia,SO,cbpf,970587.64,6795232.73,0,0,0,0,0,0
2013,UN Agency,Somalia,SO,cbpf,3337346.31,7360591.51,0,0,0,0,0,0
2014,International NGO,Somalia,SO,cbpf,1725476.35,20524521.74,0,0,0,0,0,0
2014,National NGO,Somalia,SO,cbpf,237331,5866938.15,0,0,0,0,0,0
2014,UN Agency,Somalia,SO,cbpf,26909491.06,26791138.8,0,0,0,0,0,0
2015,International NGO,Somalia,SO,cbpf,600000,12085778.62,0,0,0,0,0,0
2015,National NGO,Somalia,SO,cbpf,0,3442680.32,0,0,0,0,0,0
2015,UN Agency,Somalia,SO,cbpf,388700,13362826.57,0,0,0,0,0,0
2016,International NGO,Somalia,SO,cbpf,15518061.83,0,0,0,0,0,0,0
2016,National NGO,Somalia,SO,cbpf,4628344.67,0,0,0,0,0,0,0
2016,UN Agency,Somalia,SO,cbpf,10837522.54,0,0,0,0,0,0,0
2017,International NGO,Somalia,SO,cbpf,9751722.86,21337839.67,0,0,0,0,0,0
2017,National NGO,Somalia,SO,cbpf,6860345.63,14877100.1,0,0,0,0,0,0
2017,Others,Somalia,SO,cbpf,699352.68,396878.18,0,0,0,0,0,0
2017,UN Agency,Somalia,SO,cbpf,3575139.12,250000.26,0,0,0,0,0,0
2018,International NGO,Somalia,SO,cbpf,8080060.72,18226006.92,0,0,0,0,0,0
2018,National NGO,Somalia,SO,cbpf,4391906.19,20435457.06,0,0,0,0,0,0
2018,Others,Somalia,SO,cbpf,586381.42,147477.03,0,0,0,0,0,0
2018,UN Agency,Somalia,SO,cbpf,0,1100000.03,0,0,0,0,0,0
2019,International NGO,Somalia,SO,cbpf,9234531.68,16976219.19,0,0,0,0,0,0
2019,National NGO,Somalia,SO,cbpf,9986815.58,14225858.95,0,0,0,0,0,0
2019,Others,Somalia,SO,cbpf,0,788344.71,0,0,0,0,0,0
2019,UN Agency,Somalia,SO,cbpf,1500287.48,700000.08,0,0,0,0,0,0
2014,International NGO,South Sudan,SS,cbpf,26231852.36,35385751.81,0,0,0,0,0,0
2014,National NGO,South Sudan,SS,cbpf,2902321.37,7850168.58,0,0,0,0,0,0
2014,UN Agency,South Sudan,SS,cbpf,40717216.61,33784593.8,0,0,0,0,0,0
2015,International NGO,South Sudan,SS,cbpf,2704375.12,25233218.42,0,0,0,0,0,0
2015,National NGO,South Sudan,SS,cbpf,570048.55,9679322.97,0,0,0,0,0,0
2015,UN Agency,South Sudan,SS,cbpf,5908663.93,48459518.47,0,0,0,0,0,0
2016,International NGO,South Sudan,SS,cbpf,764999.73,29272493.91,0,0,0,0,0,0
2016,National NGO,South Sudan,SS,cbpf,156862,9770360.32,0,0,0,0,0,0
2016,UN Agency,South Sudan,SS,cbpf,13586669.05,28837426.17,0,0,0,0,0,0
2017,International NGO,South Sudan,SS,cbpf,0,19776466.02,0,0,0,0,0,0
2017,National NGO,South Sudan,SS,cbpf,0,14235188.26,0,0,0,0,0,0
2017,UN Agency,South Sudan,SS,cbpf,12386821.36,16799862.67,0,0,0,0,0,0
2018,International NGO,South Sudan,SS,cbpf,1603421.39,20150388.73,0,0,0,0,0,0
2018,National NGO,South Sudan,SS,cbpf,0,20343610.32,0,0,0,0,0,0
2018,UN Agency,South Sudan,SS,cbpf,360000,10908547.81,0,0,0,0,0,0
2019,International NGO,South Sudan,SS,cbpf,3442680.48,31318679,0,0,0,0,0,0
2019,National NGO,South Sudan,SS,cbpf,2547847.4,28046881.64,0,0,0,0,0,0
2019,UN Agency,South Sudan,SS,cbpf,3871693.6,10739928.57,0,0,0,0,0,0
2013,International NGO,Sudan,SD,cbpf,0,22561399.87,446852,501155,0,0,0,0
2013,National NGO,Sudan,SD,cbpf,0,5545031.69,0,564891,0,0,0,0
2013,Others,Sudan,SD,cbpf,0,524938,0,295832,0,0,0,0
2013,UN Agency,Sudan,SD,cbpf,160000,11472485.36,5327106,3448979,0,0,0,0
2014,International NGO,Sudan,SD,cbpf,1250495.5,18731454.04,0,0,0,0,0,0
2014,National NGO,Sudan,SD,cbpf,0,8567065.73,0,0,0,0,0,0
2014,Others,Sudan,SD,cbpf,0,430498.82,0,0,0,0,0,0
2014,UN Agency,Sudan,SD,cbpf,4496195.26,25057024.26,0,0,0,0,0,0
2015,International NGO,Sudan,SD,cbpf,373633.96,17609108.66,0,0,0,0,0,0
2015,National NGO,Sudan,SD,cbpf,148514.93,7640455.05,0,0,0,0,0,0
2015,Others,Sudan,SD,cbpf,0,324076.12,0,0,0,0,0,0
2015,UN Agency,Sudan,SD,cbpf,2501872.06,27052393.49,0,0,0,0,0,0
2016,International NGO,Sudan,SD,cbpf,2063591.9,9600256.45,0,0,0,0,0,0
2016,National NGO,Sudan,SD,cbpf,1122785.44,8776911.94,0,0,0,0,0,0
2016,Others,Sudan,SD,cbpf,0,768272.84,0,0,0,0,0,0
2016,UN Agency,Sudan,SD,cbpf,8070304.05,8377459.5,0,0,0,0,0,0
2017,International NGO,Sudan,SD,cbpf,9247820.52,10600311.76,0,0,0,0,0,0
2017,National NGO,Sudan,SD,cbpf,1220896.77,2006855.39,0,0,0,0,0,0
2017,Others,Sudan,SD,cbpf,654444.1,0,0,0,0,0,0,0
2017,UN Agency,Sudan,SD,cbpf,3892140.07,4575327.52,0,0,0,0,0,0
2018,International NGO,Sudan,SD,cbpf,3774830.69,30423602.61,0,0,0,0,0,0
2018,National NGO,Sudan,SD,cbpf,433251.56,2254806.41,0,0,0,0,0,0
2018,UN Agency,Sudan,SD,cbpf,2000231.72,3603124.34,0,0,0,0,0,0
2019,International NGO,Sudan,SD,cbpf,3008484.19,35426847.69,292542.28,3409321.03,0,0,0,0
2019,National NGO,Sudan,SD,cbpf,924702.8,3426299.93,421377.26,0,0,0,0,0
2019,UN Agency,Sudan,SD,cbpf,9963971.29,3240846.21,0,0,0,0,0,0
2020,UN Agency,Sudan,SD,cbpf,0,0,1000000,0,0,0,0,0
2015,International NGO,Syria,SY,cbpf,504887.63,1287699.47,0,0,0,0,0,0
2015,National NGO,Syria,SY,cbpf,342442.8,751129.39,0,0,0,0,0,0
2015,Others,Syria,SY,cbpf,1200908.32,0,0,0,0,0,0,0
2015,UN Agency,Syria,SY,cbpf,3613572.97,1889035.75,0,0,0,0,0,0
2016,International NGO,Syria,SY,cbpf,1043007.22,14355822.55,0,0,0,0,0,0
2016,National NGO,Syria,SY,cbpf,5458465.28,8766997.77,0,0,0,0,0,0
2016,Others,Syria,SY,cbpf,512797.5,0,0,0,0,0,0,0
2016,UN Agency,Syria,SY,cbpf,5265500.1,13588000.41,0,0,0,0,0,0
2017,International NGO,Syria,SY,cbpf,0,8279580.35,0,0,0,0,0,0
2017,National NGO,Syria,SY,cbpf,187586.62,4654769.75,0,0,0,0,0,0
2017,UN Agency,Syria,SY,cbpf,5664215.1,15831988.86,0,0,0,0,0,0
2018,International NGO,Syria,SY,cbpf,3716706.56,8162514.67,0,0,0,0,0,0
2018,National NGO,Syria,SY,cbpf,684051,1949131.46,0,249952,0,0,0,0
2018,Others,Syria,SY,cbpf,994293.93,0,0,0,0,0,0,0
2018,UN Agency,Syria,SY,cbpf,16257686.91,5210563.11,0,0,0,0,0,0
2019,International NGO,Syria,SY,cbpf,5252574.06,9735612.07,0,0,0,0,0,0
2019,National NGO,Syria,SY,cbpf,4863797.21,7437306.79,1212064.01,0,0,0,0,0
2019,UN Agency,Syria,SY,cbpf,15183968.03,10179953.88,0,0,0,0,0,0
2020,UN Agency,Syria,SY,cbpf,4000000,0,0,0,0,0,0,0
2014,International NGO,Syria Cross border,XX,cbpf,0,2306702.57,0,0,0,0,0,0
2014,National NGO,Syria Cross border,XX,cbpf,0,4495529.19,0,0,0,0,0,0
2014,UN Agency,Syria Cross border,XX,cbpf,0,2228065.79,0,0,0,0,0,0
2015,International NGO,Syria Cross border,XX,cbpf,8968744.73,9299120.26,0,0,0,0,0,0
2015,National NGO,Syria Cross border,XX,cbpf,2099714.5,16519020.1,0,0,0,0,0,0
2015,Others,Syria Cross border,XX,cbpf,2635778.46,2266067.98,0,0,0,0,0,0
2015,UN Agency,Syria Cross border,XX,cbpf,9094993.01,1346125.27,0,0,0,0,0,0
2016,International NGO,Syria Cross border,XX,cbpf,14011964.41,15568286.87,0,0,0,0,0,0
2016,National NGO,Syria Cross border,XX,cbpf,3551414.97,27355919.53,0,0,0,0,0,0
2016,Others,Syria Cross border,XX,cbpf,4999606.7,412212.3,0,0,0,0,0,0
2016,UN Agency,Syria Cross border,XX,cbpf,21984701.15,5429790.44,0,0,0,0,0,0
2017,International NGO,Syria Cross border,XX,cbpf,400016.16,10501217.47,0,0,0,0,0,0
2017,National NGO,Syria Cross border,XX,cbpf,930246.8,18420753.86,0,0,0,0,0,0
2017,Others,Syria Cross border,XX,cbpf,1992648.8,412612.04,0,0,0,0,0,0
2017,UN Agency,Syria Cross border,XX,cbpf,4025049.1,9137823.84,0,0,0,0,0,0
2018,International NGO,Syria Cross border,XX,cbpf,12000769.73,4867750.31,0,0,0,0,0,0
2018,National NGO,Syria Cross border,XX,cbpf,25312837.73,16742323.66,0,0,0,0,0,0
2018,Others,Syria Cross border,XX,cbpf,2482367.75,551986.2,0,0,0,0,0,0
2018,UN Agency,Syria Cross border,XX,cbpf,11524362.3,8225850.2,0,0,0,0,0,0
2019,International NGO,Syria Cross border,XX,cbpf,3883978.24,14726751.09,5140562.53,0,0,0,0,0
2019,National NGO,Syria Cross border,XX,cbpf,21759679.91,44138081.73,0,1478604.82,0,0,0,0
2019,Others,Syria Cross border,XX,cbpf,1357173.78,2422845.8,0,0,0,0,0,0
2019,UN Agency,Syria Cross border,XX,cbpf,13751665.98,12784126.35,0,297900.84,0,0,0,0
2020,International NGO,Syria Cross border,XX,cbpf,0,0,4326204.06,0,0,0,0,0
2020,National NGO,Syria Cross border,XX,cbpf,0,0,32942930.79,0,0,0,0,0
2020,Others,Syria Cross border,XX,cbpf,0,0,774752.9,0,0,0,0,0
2020,UN Agency,Syria Cross border,XX,cbpf,4770262.87,0,19779306.98,0,0,0,0,0
2019,International NGO,Ukraine,UA,cbpf,0,1634776,0,0,0,0,0,0
2019,National NGO,Ukraine,UA,cbpf,0,1352906.19,0,0,0,0,0,0
2013,International NGO,Yemen,YE,cbpf,3703463.6,0,0,0,0,0,0,0
2013,National NGO,Yemen,YE,cbpf,1208605.99,0,0,0,0,0,0,0
2013,UN Agency,Yemen,YE,cbpf,2438314.01,0,0,0,0,0,0,0
2014,International NGO,Yemen,YE,cbpf,6936486.51,0,0,0,0,0,0,0
2014,National NGO,Yemen,YE,cbpf,5897858.86,0,0,0,0,0,0,0
2014,UN Agency,Yemen,YE,cbpf,7107265.41,0,0,0,0,0,0,0
2015,International NGO,Yemen,YE,cbpf,22263944,0,0,0,0,0,0,0
2015,National NGO,Yemen,YE,cbpf,4537014.33,0,0,0,0,0,0,0
2015,UN Agency,Yemen,YE,cbpf,23187478.46,0,0,0,0,0,0,0
2016,International NGO,Yemen,YE,cbpf,1700412.96,44390341.65,0,0,0,0,0,0
2016,National NGO,Yemen,YE,cbpf,406634.73,16189103.93,0,0,0,0,0,0
2016,UN Agency,Yemen,YE,cbpf,0,31387400.78,0,0,0,0,0,0
2017,International NGO,Yemen,YE,cbpf,6512893.2,43094380.35,0,0,0,0,0,0
2017,National NGO,Yemen,YE,cbpf,4532970.13,46876635.31,0,0,0,0,0,0
2017,Others,Yemen,YE,cbpf,0,1976694.46,0,0,0,0,0,0
2017,UN Agency,Yemen,YE,cbpf,3794131.19,19184947.37,0,0,0,0,0,0
2018,International NGO,Yemen,YE,cbpf,10168964.44,38290789.98,0,0,0,0,0,0
2018,National NGO,Yemen,YE,cbpf,6243942.17,43071878.13,0,0,0,0,0,0
2018,Others,Yemen,YE,cbpf,1393757.39,1999168.42,0,0,0,0,0,0
2018,UN Agency,Yemen,YE,cbpf,83425356.58,3567490.21,0,0,0,0,0,0
2019,International NGO,Yemen,YE,cbpf,5637955.96,74320269.17,0,0,0,0,0,0
2019,National NGO,Yemen,YE,cbpf,1873882.97,57396545.36,0,0,0,0,0,0
2019,Others,Yemen,YE,cbpf,0,5764362.85,0,0,0,0,0,0
2019,UN Agency,Yemen,YE,cbpf,39720326.5,54690687.41,0,0,0,0,0,0
2006,UN,Afghanistan,AF,CERF,0,0,0,0,32304626.61,0,0,0
2006,UN,Burkina Faso,BF,CERF,0,0,0,0,0,2000000,0,0
2006,UN,Burundi,BI,CERF,0,0,0,0,0,4069847.2,0,0
2006,UN,Cameroon,CM,CERF,0,0,0,0,500000,0,0,0
2006,UN,Central African Republic,CF,CERF,0,0,0,0,2506519,3002514.99,0,0
2006,UN,Chad,TD,CERF,0,0,0,0,3152623,6268442,0,0
2006,UN,Colombia,CO,CERF,0,0,0,0,2220939.08,0,0,0
2006,UN,Cote d'Ivoire,CI,CERF,0,0,0,0,1752282,4000000,0,0
2006,UN,Democratic Republic of the Congo,CD,CERF,0,0,0,0,0,38000000,0,0
2006,UN,Djibouti,DJ,CERF,0,0,0,0,1905355.16,0,0,0
2006,UN,Eritrea,ER,CERF,0,0,0,0,3886740,1998565,0,0
2006,UN,Ethiopia,ET,CERF,0,0,0,0,8972986.04,1000000,0,0
2006,UN,Guinea,GN,CERF,0,0,0,0,0,1997549.41,0,0
2006,UN,Guinea-Bissau,GW,CERF,0,0,0,0,1361530.51,0,0,0
2006,UN,Haiti,HT,CERF,0,0,0,0,0,1000000,0,0
2006,UN,Iraq,IQ,CERF,0,0,0,0,3998590,0,0,0
2006,UN,Jordan,JO,CERF,0,0,0,0,1000000,0,0,0
2006,UN,Kenya,KE,CERF,0,0,0,0,26186918.15,1000000,0,0
2006,UN,Lebanon,LB,CERF,0,0,0,0,5000000,0,0,0
2006,UN,Liberia,LR,CERF,0,0,0,0,0,3983680.97,0,0
2006,UN,Mali,ML,CERF,0,0,0,0,0,1985598,0,0
2006,UN,Mauritania,MR,CERF,0,0,0,0,0,2075604,0,0
2006,UN,Myanmar,MM,CERF,0,0,0,0,3803739.5,0,0,0
2006,UN,Niger,NE,CERF,0,0,0,0,5503822.91,0,0,0
2006,UN,occupied Palestinian territory,PS,CERF,0,0,0,0,4829402.2,0,0,0
2006,UN,Philippines,PH,CERF,0,0,0,0,2598304.84,0,0,0
2006,UN,Republic of Congo,CG,CERF,0,0,0,0,0,2000000.18,0,0
2006,UN,Republic of the Sudan,SD,CERF,0,0,0,0,35519099,0,0,0
2006,UN,Somalia,SO,CERF,0,0,0,0,16609054.73,0,0,0
2006,UN,Sri Lanka,LK,CERF,0,0,0,0,9998966.12,0,0,0
2006,UN,Syrian Arab Republic,SY,CERF,0,0,0,0,1177096,0,0,0
2006,UN,Timor-Leste,TL,CERF,0,0,0,0,5547931,0,0,0
2006,UN,Zambia,ZM,CERF,0,0,0,0,0,500000,0,0
2006,UN,Zimbabwe,ZW,CERF,0,0,0,0,0,1999963.38,0,0
2007,UN,Afghanistan,AF,CERF,0,0,0,0,5434407,0,0,0
2007,UN,Angola,AO,CERF,0,0,0,0,3216435,4499828,0,0
2007,UN,Armenia,AM,CERF,0,0,0,0,299787,0,0,0
2007,UN,Bangladesh,BD,CERF,0,0,0,0,25747096,1000000,0,0
2007,UN,Bolivia,BO,CERF,0,0,0,0,2000000,0,0,0
2007,UN,Burkina Faso,BF,CERF,0,0,0,0,1796080,877908.18,0,0
2007,UN,Burundi,BI,CERF,0,0,0,0,0,8500000,0,0
2007,UN,Central African Republic,CF,CERF,0,0,0,0,184330,6778721.7,0,0
2007,UN,Chad,TD,CERF,0,0,0,0,7280842,979050,0,0
2007,UN,Colombia,CO,CERF,0,0,0,0,2253044,0,0,0
2007,UN,Cote d'Ivoire,CI,CERF,0,0,0,0,1677450,6817410.08,0,0
2007,UN,Democratic People's Republic of Korea,KP,CERF,0,0,0,0,6100000,4998577.04,0,0
2007,UN,Democratic Republic of the Congo,CD,CERF,0,0,0,0,5000000,47506577.92,0,0
2007,UN,Djibouti,DJ,CERF,0,0,0,0,1575570,0,0,0
2007,UN,Dominican Republic,DO,CERF,0,0,0,0,3879893,0,0,0
2007,UN,Eritrea,ER,CERF,0,0,0,0,0,3000908.57,0,0
2007,UN,Ethiopia,ET,CERF,0,0,0,0,3367543,8998115.97,0,0
2007,UN,Georgia,GE,CERF,0,0,0,0,161599,0,0,0
2007,UN,Ghana,GH,CERF,0,0,0,0,2496956,0,0,0
2007,UN,Guinea,GN,CERF,0,0,0,0,10821313.61,0,0,0
2007,UN,Haiti,HT,CERF,0,0,0,0,591817,3276605,0,0
2007,UN,Indonesia,ID,CERF,0,0,0,0,3159906.44,0,0,0
2007,UN,Iraq,IQ,CERF,0,0,0,0,3533359,0,0,0
2007,UN,Kenya,KE,CERF,0,0,0,0,1944057.32,3002501.17,0,0
2007,UN,Lebanon,LB,CERF,0,0,0,0,5676248,0,0,0
2007,UN,Lesotho,LS,CERF,0,0,0,0,4742069.87,0,0,0
2007,UN,Liberia,LR,CERF,0,0,0,0,2199555,1461597.16,0,0
2007,UN,Madagascar,MG,CERF,0,0,0,0,3431553,0,0,0
2007,UN,Mali,ML,CERF,0,0,0,0,1017103,0,0,0
2007,UN,Mauritania,MR,CERF,0,0,0,0,846889,854731,0,0
2007,UN,Mexico,MX,CERF,0,0,0,0,1693550,0,0,0
2007,UN,Mozambique,MZ,CERF,0,0,0,0,12232995.05,0,0,0
2007,UN,Myanmar,MM,CERF,0,0,0,0,0,1803311.88,0,0
2007,UN,Namibia,NA,CERF,0,0,0,0,0,999999.12,0,0
2007,UN,Nepal,NP,CERF,0,0,0,0,1000000,0,0,0
2007,UN,Nicaragua,NI,CERF,0,0,0,0,4975500,0,0,0
2007,UN,Niger,NE,CERF,0,0,0,0,0,2000022.6,0,0
2007,UN,occupied Palestinian territory,PS,CERF,0,0,0,0,2525949,3659510,0,0
2007,UN,Pakistan,PK,CERF,0,0,0,0,5806965,0,0,0
2007,UN,Peru,PE,CERF,0,0,0,0,9591713,0,0,0
2007,UN,Philippines,PH,CERF,0,0,0,0,938214,0,0,0
2007,UN,Republic of Congo,CG,CERF,0,0,0,0,881701.4,1099970.67,0,0
2007,UN,Republic of the Sudan,SD,CERF,0,0,0,0,19475033,6000000,0,0
2007,UN,Rwanda,RW,CERF,0,0,0,0,416325,0,0,0
2007,UN,Senegal,SN,CERF,0,0,0,0,348285,0,0,0
2007,UN,Somalia,SO,CERF,0,0,0,0,14664775,1000000,0,0
2007,UN,Sri Lanka,LK,CERF,0,0,0,0,10888084.5,0,0,0
2007,UN,Swaziland,SZ,CERF,0,0,0,0,3136815.48,0,0,0
2007,UN,Tajikistan,TJ,CERF,0,0,0,0,119814,0,0,0
2007,UN,Timor-Leste,TL,CERF,0,0,0,0,1300564,0,0,0
2007,UN,Togo,TG,CERF,0,0,0,0,3802932,0,0,0
2007,UN,Uganda,UG,CERF,0,0,0,0,13001015,0,0,0
2007,UN,United Republic of Tanzania,TZ,CERF,0,0,0,0,1200061,0,0,0
2007,UN,Yemen,YE,CERF,0,0,0,0,3434576,0,0,0
2007,UN,Zimbabwe,ZW,CERF,0,0,0,0,8000000,3999076.41,0,0
2008,UN,Afghanistan,AF,CERF,0,0,0,0,9446560,8774084.12,0,0
2008,UN,Angola,AO,CERF,0,0,0,0,1498653,0,0,0
2008,UN,Bangladesh,BD,CERF,0,0,0,0,1000000,0,0,0
2008,UN,Bolivia,BO,CERF,0,0,0,0,2271874.1,0,0,0
2008,UN,Burkina Faso,BF,CERF,0,0,0,0,2000293.23,3399999,0,0
2008,UN,Burundi,BI,CERF,0,0,0,0,1600013,3587934,0,0
2008,UN,Cameroon,CM,CERF,0,0,0,0,4720260,2000006,0,0
2008,UN,Central African Republic,CF,CERF,0,0,0,0,3387014,0,0,0
2008,UN,Chad,TD,CERF,0,0,0,0,5507547,6766433,0,0
2008,UN,China,CN,CERF,0,0,0,0,8045731,0,0,0
2008,UN,Colombia,CO,CERF,0,0,0,0,1838333,0,0,0
2008,UN,Comoros,KM,CERF,0,0,0,0,534037,0,0,0
2008,UN,Cote d'Ivoire,CI,CERF,0,0,0,0,5072073,7002958.5,0,0
2008,UN,Cuba,CU,CERF,0,0,0,0,7367516,0,0,0
2008,UN,Democratic People's Republic of Korea,KP,CERF,0,0,0,0,1398170,1999884,0,0
2008,UN,Democratic Republic of the Congo,CD,CERF,0,0,0,0,3000022,38106996,0,0
2008,UN,Djibouti,DJ,CERF,0,0,0,0,5580667,0,0,0
2008,UN,Eritrea,ER,CERF,0,0,0,0,2996242,0,0,0
2008,UN,Ethiopia,ET,CERF,0,0,0,0,21876887,9651153,0,0
2008,UN,Georgia,GE,CERF,0,0,0,0,2995315,0,0,0
2008,UN,Guatemala,GT,CERF,0,0,0,0,1483541,0,0,0
2008,UN,Guinea,GN,CERF,0,0,0,0,3999178,0,0,0
2008,UN,Guinea-Bissau,GW,CERF,0,0,0,0,1201967,0,0,0
2008,UN,Haiti,HT,CERF,0,0,0,0,16030104,0,0,0
2008,UN,Honduras,HN,CERF,0,0,0,0,1501344,0,0,0
2008,UN,India,IN,CERF,0,0,0,0,3010825,0,0,0
2008,UN,Iraq,IQ,CERF,0,0,0,0,6636654,5000001,0,0
2008,UN,Jordan,JO,CERF,0,0,0,0,3543119,0,0,0
2008,UN,Kenya,KE,CERF,0,0,0,0,19563930.98,6406348,0,0
2008,UN,Kyrgyzstan,KG,CERF,0,0,0,0,1970556,0,0,0
2008,UN,Lao People's Democratic Republic,LA,CERF,0,0,0,0,2024377.6,0,0,0
2008,UN,Lebanon,LB,CERF,0,0,0,0,1008582,0,0,0
2008,UN,Lesotho,LS,CERF,0,0,0,0,1895820,0,0,0
2008,UN,Liberia,LR,CERF,0,0,0,0,1900000,0,0,0
2008,UN,Madagascar,MG,CERF,0,0,0,0,6490799.75,0,0,0
2008,UN,Mali,ML,CERF,0,0,0,0,0,3198971.51,0,0
2008,UN,Mauritania,MR,CERF,0,0,0,0,1132595,0,0,0
2008,UN,Mozambique,MZ,CERF,0,0,0,0,4839160,0,0,0
2008,UN,Myanmar,MM,CERF,0,0,0,0,26417370,2019979,0,0
2008,UN,Nepal,NP,CERF,0,0,0,0,6643120,5997698,0,0
2008,UN,Niger,NE,CERF,0,0,0,0,3754643,6499999,0,0
2008,UN,occupied Palestinian territory,PS,CERF,0,0,0,0,4988364,0,0,0
2008,UN,Pakistan,PK,CERF,0,0,0,0,11911265,6808525,0,0
2008,UN,Philippines,PH,CERF,0,0,0,0,2080292,0,0,0
2008,UN,Republic of Congo,CG,CERF,0,0,0,0,0,2011654,0,0
2008,UN,Republic of the Sudan,SD,CERF,0,0,0,0,16025254,0,0,0
2008,UN,Somalia,SO,CERF,0,0,0,0,11721943,0,0,0
2008,UN,Sri Lanka,LK,CERF,0,0,0,0,8501410,3995382,0,0
2008,UN,Syrian Arab Republic,SY,CERF,0,0,0,0,6966175,624741,0,0
2008,UN,Tajikistan,TJ,CERF,0,0,0,0,7647237,0,0,0
2008,UN,Togo,TG,CERF,0,0,0,0,2074049,0,0,0
2008,UN,Uganda,UG,CERF,0,0,0,0,5681929,0,0,0
2008,UN,United Republic of Tanzania,TZ,CERF,0,0,0,0,499958,0,0,0
2008,UN,Yemen,YE,CERF,0,0,0,0,8206847,0,0,0
2008,UN,Zimbabwe,ZW,CERF,0,0,0,0,6988475,4493657.48,0,0
2009,UN,Afghanistan,AF,CERF,0,0,0,0,4165567,0,0,0
2009,UN,Algeria,DZ,CERF,0,0,0,0,0,1536000,0,0
2009,UN,Angola,AO,CERF,0,0,0,0,2354123,0,0,0
2009,UN,Bhutan,BT,CERF,0,0,0,0,463845,0,0,0
2009,UN,Burkina Faso,BF,CERF,0,0,0,0,6528389,1997535,0,0
2009,UN,Burundi,BI,CERF,0,0,0,0,0,3956773,0,0
2009,UN,Cape Verde,CV,CERF,0,0,0,0,474338,0,0,0
2009,UN,Central African Republic,CF,CERF,0,0,0,0,187355,2787790,0,0
2009,UN,Chad,TD,CERF,0,0,0,0,1998660,5464388,0,0
2009,UN,Colombia,CO,CERF,0,0,0,0,3527409,4999979,0,0
2009,UN,Cote d'Ivoire,CI,CERF,0,0,0,0,412313,2000003,0,0
2009,UN,Democratic People's Republic of Korea,KP,CERF,0,0,0,0,0,18996703,0,0
2009,UN,Democratic Republic of the Congo,CD,CERF,0,0,0,0,19966972,10461001,0,0
2009,UN,Djibouti,DJ,CERF,0,0,0,0,0,2996920,0,0
2009,UN,El Salvador,SV,CERF,0,0,0,0,2485827,0,0,0
2009,UN,Eritrea,ER,CERF,0,0,0,0,0,3521258,0,0
2009,UN,Ethiopia,ET,CERF,0,0,0,0,0,15645398,0,0
2009,UN,Gambia,GM,CERF,0,0,0,0,386544,0,0,0
2009,UN,Georgia,GE,CERF,0,0,0,0,1000450,0,0,0
2009,UN,Guatemala,GT,CERF,0,0,0,0,4999968,0,0,0
2009,UN,Guinea,GN,CERF,0,0,0,0,2283261,1171585,0,0
2009,UN,Haiti,HT,CERF,0,0,0,0,0,4995766,0,0
2009,UN,Honduras,HN,CERF,0,0,0,0,1271408,0,0,0
2009,UN,Indonesia,ID,CERF,0,0,0,0,6935731,0,0,0
2009,UN,Iraq,IQ,CERF,0,0,0,0,1004837,0,0,0
2009,UN,Kenya,KE,CERF,0,0,0,0,18298355,8038330,0,0
2009,UN,Lao People's Democratic Republic,LA,CERF,0,0,0,0,3828517,0,0,0
2009,UN,Lesotho,LS,CERF,0,0,0,0,574955,0,0,0
2009,UN,Madagascar,MG,CERF,0,0,0,0,6450994,0,0,0
2009,UN,Malawi,MW,CERF,0,0,0,0,544860,0,0,0
2009,UN,Mauritania,MR,CERF,0,0,0,0,2174497,0,0,0
2009,UN,Mozambique,MZ,CERF,0,0,0,0,547001,0,0,0
2009,UN,Myanmar,MM,CERF,0,0,0,0,0,2998439,0,0
2009,UN,Namibia,NA,CERF,0,0,0,0,1299825,0,0,0
2009,UN,Nepal,NP,CERF,0,0,0,0,6000000,0,0,0
2009,UN,Nicaragua,NI,CERF,0,0,0,0,2069776,0,0,0
2009,UN,Niger,NE,CERF,0,0,0,0,7726113,3976342,0,0
2009,UN,Nigeria,NG,CERF,0,0,0,0,1279887,0,0,0
2009,UN,occupied Palestinian territory,PS,CERF,0,0,0,0,9409055,0,0,0
2009,UN,Pakistan,PK,CERF,0,0,0,0,8890399,0,0,0
2009,UN,Philippines,PH,CERF,0,0,0,0,11940932,0,0,0
2009,UN,Republic of Congo,CG,CERF,0,0,0,0,7948987,0,0,0
2009,UN,Republic of the Sudan,SD,CERF,0,0,0,0,25820034,0,0,0
2009,UN,Somalia,SO,CERF,0,0,0,0,50534027,9999999,0,0
2009,UN,Sri Lanka,LK,CERF,0,0,0,0,23506382,0,0,0
2009,UN,Swaziland,SZ,CERF,0,0,0,0,1320110,0,0,0
2009,UN,Syrian Arab Republic,SY,CERF,0,0,0,0,3287464,0,0,0
2009,UN,Uganda,UG,CERF,0,0,0,0,1191321,0,0,0
2009,UN,United Republic of Tanzania,TZ,CERF,0,0,0,0,1516283,0,0,0
2009,UN,Yemen,YE,CERF,0,0,0,0,3727771,4705281,0,0
2009,UN,Zimbabwe,ZW,CERF,0,0,0,0,7899348,18908729,0,0
2010,UN,Afghanistan,AF,CERF,0,0,0,0,0,11019952,0,0
2010,UN,Benin,BJ,CERF,0,0,0,0,4390369,0,0,0
2010,UN,Bolivia,BO,CERF,0,0,0,0,4489065,0,0,0
2010,UN,Burkina Faso,BF,CERF,0,0,0,0,1966070,0,0,0
2010,UN,Cameroon,CM,CERF,0,0,0,0,652684,0,0,0
2010,UN,Central African Republic,CF,CERF,0,0,0,0,3102465,2997013,0,0
2010,UN,Chad,TD,CERF,0,0,0,0,7774525,15065031,0,0
2010,UN,Chile,CL,CERF,0,0,0,0,10283575,0,0,0
2010,UN,China,CN,CERF,0,0,0,0,4719705,0,0,0
2010,UN,Colombia,CO,CERF,0,0,0,0,3640647,2966719,0,0
2010,UN,Democratic People's Republic of Korea,KP,CERF,0,0,0,0,0,13440519,0,0
2010,UN,Democratic Republic of the Congo,CD,CERF,0,0,0,0,5090973,24035653,0,0
2010,UN,Djibouti,DJ,CERF,0,0,0,0,0,2999757,0,0
2010,UN,Dominican Republic,DO,CERF,0,0,0,0,1941576,0,0,0
2010,UN,Eritrea,ER,CERF,0,0,0,0,0,5972098,0,0
2010,UN,Ethiopia,ET,CERF,0,0,0,0,0,16690193,0,0
2010,UN,Gambia,GM,CERF,0,0,0,0,563955,0,0,0
2010,UN,Georgia,GE,CERF,0,0,0,0,293394,0,0,0
2010,UN,Guatemala,GT,CERF,0,0,0,0,3376068,0,0,0
2010,UN,Guinea,GN,CERF,0,0,0,0,0,1971425,0,0
2010,UN,Haiti,HT,CERF,0,0,0,0,36564849,0,0,0
2010,UN,Honduras,HN,CERF,0,0,0,0,281597,0,0,0
2010,UN,Iraq,IQ,CERF,0,0,0,0,1500000,0,0,0
2010,UN,Kenya,KE,CERF,0,0,0,0,10048510,9981466,0,0
2010,UN,Kyrgyzstan,KG,CERF,0,0,0,0,10076490,0,0,0
2010,UN,Lesotho,LS,CERF,0,0,0,0,645959,0,0,0
2010,UN,Madagascar,MG,CERF,0,0,0,0,4725398,0,0,0
2010,UN,Mali,ML,CERF,0,0,0,0,1503989,0,0,0
2010,UN,Mauritania,MR,CERF,0,0,0,0,1751722,0,0,0
2010,UN,Mongolia,MN,CERF,0,0,0,0,3556532,0,0,0
2010,UN,Mozambique,MZ,CERF,0,0,0,0,2624107,0,0,0
2010,UN,Myanmar,MM,CERF,0,0,0,0,8468653,3987182,0,0
2010,UN,Nepal,NP,CERF,0,0,0,0,0,2000031,0,0
2010,UN,Niger,NE,CERF,0,0,0,0,29015516,5999924,0,0
2010,UN,Nigeria,NG,CERF,0,0,0,0,1999202,0,0,0
2010,UN,Pakistan,PK,CERF,0,0,0,0,51832831,0,0,0
2010,UN,Philippines,PH,CERF,0,0,0,0,0,2997112,0,0
2010,UN,Republic of Congo,CG,CERF,0,0,0,0,2004794,2883496,0,0
2010,UN,Republic of the Sudan,SD,CERF,0,0,0,0,23856917,0,0,0
2010,UN,Senegal,SN,CERF,0,0,0,0,268235,0,0,0
2010,UN,Sri Lanka,LK,CERF,0,0,0,0,15690704,0,0,0
2010,UN,Tajikistan,TJ,CERF,0,0,0,0,941309,0,0,0
2010,UN,Togo,TG,CERF,0,0,0,0,2613675,0,0,0
2010,UN,Uzbekistan,UZ,CERF,0,0,0,0,2981631,0,0,0
2010,UN,Yemen,YE,CERF,0,0,0,0,375926,14163186,0,0
2010,UN,Zimbabwe,ZW,CERF,0,0,0,0,10439418,0,0,0
2011,UN,Benin,BJ,CERF,0,0,0,0,105930,0,0,0
2011,UN,Bhutan,BT,CERF,0,0,0,0,1605535,0,0,0
2011,UN,Bolivia,BO,CERF,0,0,0,0,2584669,0,0,0
2011,UN,Burundi,BI,CERF,0,0,0,0,0,3999812,0,0
2011,UN,Cambodia,KH,CERF,0,0,0,0,4033776,0,0,0
2011,UN,Central African Republic,CF,CERF,0,0,0,0,0,4999120,0,0
2011,UN,Chad,TD,CERF,0,0,0,0,14513880,8039204,0,0
2011,UN,Colombia,CO,CERF,0,0,0,0,0,5927391,0,0
2011,UN,Cote d'Ivoire,CI,CERF,0,0,0,0,16324871,0,0,0
2011,UN,Democratic People's Republic of Korea,KP,CERF,0,0,0,0,10410623,4999783,0,0
2011,UN,Democratic Republic of the Congo,CD,CERF,0,0,0,0,4094585,0,0,0
2011,UN,Djibouti,DJ,CERF,0,0,0,0,3140097,2998322,0,0
2011,UN,El Salvador,SV,CERF,0,0,0,0,2579188,0,0,0
2011,UN,Ethiopia,ET,CERF,0,0,0,0,24499990,21975663,0,0
2011,UN,Ghana,GH,CERF,0,0,0,0,2121502,0,0,0
2011,UN,Guatemala,GT,CERF,0,0,0,0,2201628,0,0,0
2011,UN,Guinea,GN,CERF,0,0,0,0,390012,0,0,0
2011,UN,Haiti,HT,CERF,0,0,0,0,10371212,0,0,0
2011,UN,Islamic Republic of Iran,IR,CERF,0,0,0,0,0,2992466,0,0
2011,UN,Kenya,KE,CERF,0,0,0,0,16689624,5993848,0,0
2011,UN,Lesotho,LS,CERF,0,0,0,0,4036468,0,0,0
2011,UN,Liberia,LR,CERF,0,0,0,0,5988454,0,0,0
2011,UN,Libya,LY,CERF,0,0,0,0,1444890,0,0,0
2011,UN,Madagascar,MG,CERF,0,0,0,0,2000000,3994126,0,0
2011,UN,Mauritania,MR,CERF,0,0,0,0,2685257,0,0,0
2011,UN,Mozambique,MZ,CERF,0,0,0,0,1462910,0,0,0
2011,UN,Myanmar,MM,CERF,0,0,0,0,0,4983445,0,0
2011,UN,Namibia,NA,CERF,0,0,0,0,1175941,0,0,0
2011,UN,Nepal,NP,CERF,0,0,0,0,0,1999994,0,0
2011,UN,Nicaragua,NI,CERF,0,0,0,0,2030597,0,0,0
2011,UN,Niger,NE,CERF,0,0,0,0,9748650,5988195,0,0
2011,UN,occupied Palestinian territory,PS,CERF,0,0,0,0,0,3972686,0,0
2011,UN,Pakistan,PK,CERF,0,0,0,0,22623908,9746993,0,0
2011,UN,Philippines,PH,CERF,0,0,0,0,7898637,3450334,0,0
2011,UN,Republic of Congo,CG,CERF,0,0,0,0,1395954,0,0,0
2011,UN,Republic of the Sudan,SD,CERF,0,0,0,0,18321205,0,0,0
2011,UN,Somalia,SO,CERF,0,0,0,0,37964249,14989087,0,0
2011,UN,South Sudan,SS,CERF,0,0,0,0,11309590,11457364,0,0
2011,UN,Sri Lanka,LK,CERF,0,0,0,0,6141383,9941395,0,0
2011,UN,Syrian Arab Republic,SY,CERF,0,0,0,0,3664730,0,0,0
2011,UN,Togo,TG,CERF,0,0,0,0,614332,0,0,0
2011,UN,Tunisia,TN,CERF,0,0,0,0,4997940,0,0,0
2011,UN,Turkey,TR,CERF,0,0,0,0,3484733,0,0,0
2011,UN,Yemen,YE,CERF,0,0,0,0,14834581,0,0,0
2011,UN,Zimbabwe,ZW,CERF,0,0,0,0,3999494,11016803,0,0
2012,UN,Afghanistan,AF,CERF,0,0,0,0,0,9995396,0,0
2012,UN,Angola,AO,CERF,0,0,0,0,5102132,0,0,0
2012,UN,Burkina Faso,BF,CERF,0,0,0,0,14869587,0,0,0
2012,UN,Burundi,BI,CERF,0,0,0,0,1986269,0,0,0
2012,UN,Cameroon,CM,CERF,0,0,0,0,8802092,1997430,0,0
2012,UN,Central African Republic,CF,CERF,0,0,0,0,1993713,5997499,0,0
2012,UN,Chad,TD,CERF,0,0,0,0,6849586,7931609,0,0
2012,UN,Colombia,CO,CERF,0,0,0,0,1093884,2990259,0,0
2012,UN,Comoros,KM,CERF,0,0,0,0,2522639,0,0,0
2012,UN,Cote d'Ivoire,CI,CERF,0,0,0,0,1526060,7958195,0,0
2012,UN,Cuba,CU,CERF,0,0,0,0,5522753,0,0,0
2012,UN,Democratic People's Republic of Korea,KP,CERF,0,0,0,0,1955140,10965527,0,0
2012,UN,Democratic Republic of the Congo,CD,CERF,0,0,0,0,19715742,11770546,0,0
2012,UN,Djibouti,DJ,CERF,0,0,0,0,0,4019325,0,0
2012,UN,Eritrea,ER,CERF,0,0,0,0,3291599,3998941,0,0
2012,UN,Ethiopia,ET,CERF,0,0,0,0,4072334,9912447,0,0
2012,UN,Gambia,GM,CERF,0,0,0,0,4834117,0,0,0
2012,UN,Ghana,GH,CERF,0,0,0,0,312440,0,0,0
2012,UN,Guatemala,GT,CERF,0,0,0,0,1654130,0,0,0
2012,UN,Guinea,GN,CERF,0,0,0,0,1126380,0,0,0
2012,UN,Haiti,HT,CERF,0,0,0,0,3947974,7949515,0,0
2012,UN,Iraq,IQ,CERF,0,0,0,0,2567704,0,0,0
2012,UN,Jordan,JO,CERF,0,0,0,0,3994809,0,0,0
2012,UN,Kenya,KE,CERF,0,0,0,0,2000830,0,0,0
2012,UN,Lebanon,LB,CERF,0,0,0,0,3978910,0,0,0
2012,UN,Lesotho,LS,CERF,0,0,0,0,6220011,0,0,0
2012,UN,Madagascar,MG,CERF,0,0,0,0,0,1999893,0,0
2012,UN,Malawi,MW,CERF,0,0,0,0,3219663,0,0,0
2012,UN,Mali,ML,CERF,0,0,0,0,13954347,0,0,0
2012,UN,Mauritania,MR,CERF,0,0,0,0,8965820,0,0,0
2012,UN,Myanmar,MM,CERF,0,0,0,0,16651567,0,0,0
2012,UN,Nepal,NP,CERF,0,0,0,0,0,4997385,0,0
2012,UN,Niger,NE,CERF,0,0,0,0,24609716,0,0,0
2012,UN,occupied Palestinian territory,PS,CERF,0,0,0,0,6687676,0,0,0
2012,UN,Pakistan,PK,CERF,0,0,0,0,21891110,14845730,0,0
2012,UN,Paraguay,PY,CERF,0,0,0,0,2577014,0,0,0
2012,UN,Peru,PE,CERF,0,0,0,0,2221613,0,0,0
2012,UN,Philippines,PH,CERF,0,0,0,0,9958731,3955432,0,0
2012,UN,Republic of Congo,CG,CERF,0,0,0,0,6997499,3920678,0,0
2012,UN,Republic of the Sudan,SD,CERF,0,0,0,0,6163967,13994482,0,0
2012,UN,Rwanda,RW,CERF,0,0,0,0,3077082,0,0,0
2012,UN,Senegal,SN,CERF,0,0,0,0,6932070,0,0,0
2012,UN,Sierra Leone,SL,CERF,0,0,0,0,2461235,0,0,0
2012,UN,South Sudan,SS,CERF,0,0,0,0,20027456,20016635,0,0
2012,UN,Sri Lanka,LK,CERF,0,0,0,0,0,1994899,0,0
2012,UN,Syrian Arab Republic,SY,CERF,0,0,0,0,29493103,6983629,0,0
2012,UN,Togo,TG,CERF,0,0,0,0,1009821,0,0,0
2012,UN,Turkey,TR,CERF,0,0,0,0,2086822,0,0,0
2012,UN,Uganda,UG,CERF,0,0,0,0,6887544,0,0,0
2012,UN,Yemen,YE,CERF,0,0,0,0,23460436,0,0,0
2012,UN,Zimbabwe,ZW,CERF,0,0,0,0,2006304,0,0,0
2013,UN,Afghanistan,AF,CERF,0,0,0,0,0,16574042,0,0
2013,UN,Algeria,DZ,CERF,0,0,0,0,0,2984040,0,0
2013,UN,Bangladesh,BD,CERF,0,0,0,0,0,2000642,0,0
2013,UN,Bolivia,BO,CERF,0,0,0,0,2464176,0,0,0
2013,UN,Burundi,BI,CERF,0,0,0,0,3479171,2970162,0,0
2013,UN,Cameroon,CM,CERF,0,0,0,0,4188872,0,0,0
2013,UN,Central African Republic,CF,CERF,0,0,0,0,15883792,0,0,0
2013,UN,Chad,TD,CERF,0,0,0,0,4881818,8205856,0,0
2013,UN,Colombia,CO,CERF,0,0,0,0,0,3493954,0,0
2013,UN,Democratic People's Republic of Korea,KP,CERF,0,0,0,0,2102708,12996679,0,0
2013,UN,Democratic Republic of the Congo,CD,CERF,0,0,0,0,12057344,0,0,0
2013,UN,Djibouti,DJ,CERF,0,0,0,0,0,6307018,0,0
2013,UN,Eritrea,ER,CERF,0,0,0,0,0,3055305,0,0
2013,UN,Ethiopia,ET,CERF,0,0,0,0,6972905,17000030,0,0
2013,UN,Guinea,GN,CERF,0,0,0,0,2239156,0,0,0
2013,UN,Guinea-Bissau,GW,CERF,0,0,0,0,3166825,0,0,0
2013,UN,Haiti,HT,CERF,0,0,0,0,0,7480100,0,0
2013,UN,Iraq,IQ,CERF,0,0,0,0,9999143,0,0,0
2013,UN,Jordan,JO,CERF,0,0,0,0,14754548,0,0,0
2013,UN,Kenya,KE,CERF,0,0,0,0,3039186,0,0,0
2013,UN,Lao People's Democratic Republic,LA,CERF,0,0,0,0,753504,0,0,0
2013,UN,Lebanon,LB,CERF,0,0,0,0,17531518,0,0,0
2013,UN,Liberia,LR,CERF,0,0,0,0,0,2991937,0,0
2013,UN,Madagascar,MG,CERF,0,0,0,0,5000000,3003483,0,0
2013,UN,Malawi,MW,CERF,0,0,0,0,8049782,0,0,0
2013,UN,Mali,ML,CERF,0,0,0,0,17883983,0,0,0
2013,UN,Marshall Islands,MH,CERF,0,0,0,0,1000000,0,0,0
2013,UN,Mauritania,MR,CERF,0,0,0,0,4470372,4008632,0,0
2013,UN,Mozambique,MZ,CERF,0,0,0,0,5842338,0,0,0
2013,UN,Myanmar,MM,CERF,0,0,0,0,4999616,2999832,0,0
2013,UN,Niger,NE,CERF,0,0,0,0,6409438,7891736,0,0
2013,UN,Nigeria,NG,CERF,0,0,0,0,6431433,0,0,0
2013,UN,occupied Palestinian territory,PS,CERF,0,0,0,0,4533266,0,0,0
2013,UN,Pakistan,PK,CERF,0,0,0,0,3888565,10001780,0,0
2013,UN,Philippines,PH,CERF,0,0,0,0,33297068,2998998,0,0
2013,UN,Republic of Congo,CG,CERF,0,0,0,0,751772,0,0,0
2013,UN,Republic of the Sudan,SD,CERF,0,0,0,0,30525358,16922090,0,0
2013,UN,Rwanda,RW,CERF,0,0,0,0,5544797,0,0,0
2013,UN,Senegal,SN,CERF,0,0,0,0,3038387,0,0,0
2013,UN,Somalia,SO,CERF,0,0,0,0,1415815,19787197,0,0
2013,UN,South Sudan,SS,CERF,0,0,0,0,11586879,0,0,0
2013,UN,Syrian Arab Republic,SY,CERF,0,0,0,0,40403809,0,0,0
2013,UN,Uganda,UG,CERF,0,0,0,0,4974413,3999807,0,0
2013,UN,Yemen,YE,CERF,0,0,0,0,2000492,16800822,0,0
2013,UN,Zimbabwe,ZW,CERF,0,0,0,0,1967415,0,0,0
2014,UN,Afghanistan,AF,CERF,0,0,0,0,3991021,0,0,0
2014,UN,Bolivia,BO,CERF,0,0,0,0,3175302,0,0,0
2014,UN,Bosnia and Herzegovina,BA,CERF,0,0,0,0,2032306,0,0,0
2014,UN,Burkina Faso,BF,CERF,0,0,0,0,0,3929038,0,0
2014,UN,Burundi,BI,CERF,0,0,0,0,1978455,0,0,0
2014,UN,Cameroon,CM,CERF,0,0,0,0,13809670,4508705,0,0
2014,UN,Central African Republic,CF,CERF,0,0,0,0,25138068,0,0,0
2014,UN,Chad,TD,CERF,0,0,0,0,12690862,10030941,0,0
2014,UN,Colombia,CO,CERF,0,0,0,0,0,4505909,0,0
2014,UN,Democratic People's Republic of Korea,KP,CERF,0,0,0,0,0,6497013,0,0
2014,UN,Democratic Republic of the Congo,CD,CERF,0,0,0,0,6956312,0,0,0
2014,UN,Djibouti,DJ,CERF,0,0,0,0,0,3997510,0,0
2014,UN,Eritrea,ER,CERF,0,0,0,0,0,2489251,0,0
2014,UN,Ethiopia,ET,CERF,0,0,0,0,20982700,11593620,0,0
2014,UN,Gambia,GM,CERF,0,0,0,0,0,2474424,0,0
2014,UN,Guatemala,GT,CERF,0,0,0,0,5445619,0,0,0
2014,UN,Guinea,GN,CERF,0,0,0,0,8354750,0,0,0
2014,UN,Haiti,HT,CERF,0,0,0,0,2668206,6205232,0,0
2014,UN,Honduras,HN,CERF,0,0,0,0,2600021,0,0,0
2014,UN,Iraq,IQ,CERF,0,0,0,0,25675458,0,0,0
2014,UN,Kenya,KE,CERF,0,0,0,0,13635078,10005413,0,0
2014,UN,Liberia,LR,CERF,0,0,0,0,1907059,0,0,0
2014,UN,Libya,LY,CERF,0,0,0,0,3370496,0,0,0
2014,UN,Mali,ML,CERF,0,0,0,0,0,11443364,0,0
2014,UN,Mauritania,MR,CERF,0,0,0,0,0,3464476,0,0
2014,UN,Myanmar,MM,CERF,0,0,0,0,0,5532908,0,0
2014,UN,Nepal,NP,CERF,0,0,0,0,1870201,0,0,0
2014,UN,Niger,NE,CERF,0,0,0,0,5181281,7962500,0,0
2014,UN,Nigeria,NG,CERF,0,0,0,0,1458309,3546645,0,0
2014,UN,occupied Palestinian territory,PS,CERF,0,0,0,0,10825145,0,0,0
2014,UN,Pakistan,PK,CERF,0,0,0,0,4907639,9470276,0,0
2014,UN,Paraguay,PY,CERF,0,0,0,0,2817063,0,0,0
2014,UN,Republic of Congo,CG,CERF,0,0,0,0,3760848,0,0,0
2014,UN,Republic of the Sudan,SD,CERF,0,0,0,0,23232114,19986850,0,0
2014,UN,Senegal,SN,CERF,0,0,0,0,0,4500298,0,0
2014,UN,Serbia,RS,CERF,0,0,0,0,2164278,0,0,0
2014,UN,Sierra Leone,SL,CERF,0,0,0,0,4497599,0,0,0
2014,UN,Solomon Islands,SB,CERF,0,0,0,0,1776123,0,0,0
2014,UN,Somalia,SO,CERF,0,0,0,0,1450242,19993757,0,0
2014,UN,South Sudan,SS,CERF,0,0,0,0,53671182,0,0,0
2014,UN,Sri Lanka,LK,CERF,0,0,0,0,2052680,0,0,0
2014,UN,Uganda,UG,CERF,0,0,0,0,11919440,4019310,0,0
2014,UN,Ukraine,UA,CERF,0,0,0,0,3975226,0,0,0
2014,UN,Yemen,YE,CERF,0,0,0,0,0,13897833,0,0
2014,UN,Zimbabwe,ZW,CERF,0,0,0,0,773181,0,0,0
2015,UN,Afghanistan,AF,CERF,0,0,0,0,5802858,7983646,0,0
2015,UN,Algeria,DZ,CERF,0,0,0,0,5051640,0,0,0
2015,UN,Bangladesh,BD,CERF,0,0,0,0,0,2992959,0,0
2015,UN,Burundi,BI,CERF,0,0,0,0,0,2495246,0,0
2015,UN,Cameroon,CM,CERF,0,0,0,0,14071268,0,0,0
2015,UN,Central African Republic,CF,CERF,0,0,0,0,11556590,0,0,0
2015,UN,Chad,TD,CERF,0,0,0,0,10515475,5998567,0,0
2015,UN,Chile,CL,CERF,0,0,0,0,777854,0,0,0
2015,UN,Colombia,CO,CERF,0,0,0,0,0,2994382,0,0
2015,UN,Democratic People's Republic of Korea,KP,CERF,0,0,0,0,6276701,2000285,0,0
2015,UN,Democratic Republic of the Congo,CD,CERF,0,0,0,0,6792923,8047670,0,0
2015,UN,Djibouti,DJ,CERF,0,0,0,0,0,3000059,0,0
2015,UN,Egypt,EG,CERF,0,0,0,0,0,3500065,0,0
2015,UN,El Salvador,SV,CERF,0,0,0,0,2710000,0,0,0
2015,UN,Eritrea,ER,CERF,0,0,0,0,0,2993896,0,0
2015,UN,Ethiopia,ET,CERF,0,0,0,0,17003929,10015968,0,0
2015,UN,Haiti,HT,CERF,0,0,0,0,9157785,0,0,0
2015,UN,Honduras,HN,CERF,0,0,0,0,2187908,0,0,0
2015,UN,Iraq,IQ,CERF,0,0,0,0,4490040,7988899,0,0
2015,UN,Jordan,JO,CERF,0,0,0,0,0,9000346,0,0
2015,UN,Lebanon,LB,CERF,0,0,0,0,0,18004139,0,0
2015,UN,Libya,LY,CERF,0,0,0,0,1491012,0,0,0
2015,UN,Madagascar,MG,CERF,0,0,0,0,2294798,0,0,0
2015,UN,Malawi,MW,CERF,0,0,0,0,16925025,0,0,0
2015,UN,Mauritania,MR,CERF,0,0,0,0,2532163,0,0,0
2015,UN,Mozambique,MZ,CERF,0,0,0,0,3996365,0,0,0
2015,UN,Myanmar,MM,CERF,0,0,0,0,10405409,5367651,0,0
2015,UN,Nepal,NP,CERF,0,0,0,0,19113716,0,0,0
2015,UN,Niger,NE,CERF,0,0,0,0,13741648,0,0,0
2015,UN,Nigeria,NG,CERF,0,0,0,0,9889075,0,0,0
2015,UN,Pakistan,PK,CERF,0,0,0,0,11000547,0,0,0
2015,UN,Peru,PE,CERF,0,0,0,0,914395,0,0,0
2015,UN,Philippines,PH,CERF,0,0,0,0,1512074,0,0,0
2015,UN,Republic of the Sudan,SD,CERF,0,0,0,0,9079147,15116739,0,0
2015,UN,Rwanda,RW,CERF,0,0,0,0,7984746,2498220,0,0
2015,UN,Somalia,SO,CERF,0,0,0,0,5300084,19989234,0,0
2015,UN,South Sudan,SS,CERF,0,0,0,0,13446494,0,0,0
2015,UN,Syrian Arab Republic,SY,CERF,0,0,0,0,0,29926021,0,0
2015,UN,Turkey,TR,CERF,0,0,0,0,0,8999844,0,0
2015,UN,Uganda,UG,CERF,0,0,0,0,3238788,0,0,0
2015,UN,Ukraine,UA,CERF,0,0,0,0,4920172,0,0,0
2015,UN,United Republic of Tanzania,TZ,CERF,0,0,0,0,9156319,0,0,0
2015,UN,Vanuatu,VU,CERF,0,0,0,0,5038408,0,0,0
2015,UN,Yemen,YE,CERF,0,0,0,0,44250104,0,0,0
2015,UN,Zimbabwe,ZW,CERF,0,0,0,0,8110712,0,0,0
2016,UN,Afghanistan,AF,CERF,0,0,0,0,9782398,0,0,0
2016,UN,Angola,AO,CERF,0,0,0,0,7989386,0,0,0
2016,UN,Bangladesh,BD,CERF,0,0,0,0,4890038,0,0,0
2016,UN,Burundi,BI,CERF,0,0,0,0,0,12985955,0,0
2016,UN,Cameroon,CM,CERF,0,0,0,0,4187543,0,0,0
2016,UN,Central African Republic,CF,CERF,0,0,0,0,2985563,8999815,0,0
2016,UN,Chad,TD,CERF,0,0,0,0,9991552,10000551,0,0
2016,UN,Cote d'Ivoire,CI,CERF,0,0,0,0,1965416,0,0,0
2016,UN,Cuba,CU,CERF,0,0,0,0,5352736,0,0,0
2016,UN,Democratic People's Republic of Korea,KP,CERF,0,0,0,0,5054519,8000692,0,0
2016,UN,Democratic Republic of the Congo,CD,CERF,0,0,0,0,5594179,10995505,0,0
2016,UN,Djibouti,DJ,CERF,0,0,0,0,1972054,0,0,0
2016,UN,Ecuador,EC,CERF,0,0,0,0,7501349,0,0,0
2016,UN,Eritrea,ER,CERF,0,0,0,0,0,2002599,0,0
2016,UN,Ethiopia,ET,CERF,0,0,0,0,9491863,10991119,0,0
2016,UN,Fiji,FJ,CERF,0,0,0,0,8022382,0,0,0
2016,UN,Guatemala,GT,CERF,0,0,0,0,4829690,0,0,0
2016,UN,Guinea,GN,CERF,0,0,0,0,2971319,0,0,0
2016,UN,Haiti,HT,CERF,0,0,0,0,10383240,0,0,0
2016,UN,Iraq,IQ,CERF,0,0,0,0,33354244,0,0,0
2016,UN,Jordan,JO,CERF,0,0,0,0,9377520,0,0,0
2016,UN,Kenya,KE,CERF,0,0,0,0,962943,3998746,0,0
2016,UN,Lao People's Democratic Republic,LA,CERF,0,0,0,0,328811,0,0,0
2016,UN,Lesotho,LS,CERF,0,0,0,0,4782918,0,0,0
2016,UN,Libya,LY,CERF,0,0,0,0,0,11989024,0,0
2016,UN,Madagascar,MG,CERF,0,0,0,0,5988888,0,0,0
2016,UN,Malawi,MW,CERF,0,0,0,0,1437503,0,0,0
2016,UN,Mali,ML,CERF,0,0,0,0,0,15999980,0,0
2016,UN,Mongolia,MN,CERF,0,0,0,0,2442974,0,0,0
2016,UN,Mozambique,MZ,CERF,0,0,0,0,4679803,0,0,0
2016,UN,Myanmar,MM,CERF,0,0,0,0,3570457,0,0,0
2016,UN,Nepal,NP,CERF,0,0,0,0,1942999,0,0,0
2016,UN,Niger,NE,CERF,0,0,0,0,4989275,0,0,0
2016,UN,Nigeria,NG,CERF,0,0,0,0,23483769,0,0,0
2016,UN,Papua New Guinea,PG,CERF,0,0,0,0,4736155,0,0,0
2016,UN,Republic of Congo,CG,CERF,0,0,0,0,2366915,0,0,0
2016,UN,Republic of the Sudan,SD,CERF,0,0,0,0,17644007,6991425,0,0
2016,UN,Rwanda,RW,CERF,0,0,0,0,4218944,4998778,0,0
2016,UN,Somalia,SO,CERF,0,0,0,0,12885332,0,0,0
2016,UN,South Sudan,SS,CERF,0,0,0,0,20823623,0,0,0
2016,UN,Sri Lanka,LK,CERF,0,0,0,0,4320080,0,0,0
2016,UN,Swaziland,SZ,CERF,0,0,0,0,3141908,0,0,0
2016,UN,Timor-Leste,TL,CERF,0,0,0,0,846703,0,0,0
2016,UN,Uganda,UG,CERF,0,0,0,0,10297497,18000027,0,0
2016,UN,United Republic of Tanzania,TZ,CERF,0,0,0,0,1498097,10994664,0,0
2016,UN,Viet Nam,VN,CERF,0,0,0,0,3897864,0,0,0
2016,UN,Yemen,YE,CERF,0,0,0,0,2000000,12988837,0,0
2017,UN,Afghanistan,AF,CERF,0,0,0,0,0,9996905,0,0
2017,UN,Angola,AO,CERF,0,0,0,0,10545508,0,0,0
2017,UN,Antigua and Barbuda,AG,CERF,0,0,0,0,2154461,0,0,0
2017,UN,Bangladesh,BD,CERF,0,0,0,0,24164854,0,0,0
2017,UN,Burundi,BI,CERF,0,0,0,0,3500011,0,0,0
2017,UN,Cameroon,CM,CERF,0,0,0,0,0,10005413,0,0
2017,UN,Central African Republic,CF,CERF,0,0,0,0,6000028,9995626,0,0
2017,UN,Chad,TD,CERF,0,0,0,0,3561841,10994963,0,0
2017,UN,Cuba,CU,CERF,0,0,0,0,7999469,0,0,0
2017,UN,Democratic People's Republic of Korea,KP,CERF,0,0,0,0,6351013,5996745,0,0
2017,UN,Democratic Republic of the Congo,CD,CERF,0,0,0,0,26564545,0,0,0
2017,UN,Dominica,DM,CERF,0,0,0,0,3011838,0,0,0
2017,UN,Ethiopia,ET,CERF,0,0,0,0,28512690,0,0,0
2017,UN,Iraq,IQ,CERF,0,0,0,0,10000001,0,0,0
2017,UN,Kenya,KE,CERF,0,0,0,0,10329268,0,0,0
2017,UN,Libya,LY,CERF,0,0,0,0,357812,5997815,0,0
2017,UN,Madagascar,MG,CERF,0,0,0,0,4999601,5960822,0,0
2017,UN,Mali,ML,CERF,0,0,0,0,0,6905824,0,0
2017,UN,Mongolia,MN,CERF,0,0,0,0,1107613,0,0,0
2017,UN,Mozambique,MZ,CERF,0,0,0,0,2000095,0,0,0
2017,UN,Myanmar,MM,CERF,0,0,0,0,6526848,0,0,0
2017,UN,Nepal,NP,CERF,0,0,0,0,4787881,0,0,0
2017,UN,Niger,NE,CERF,0,0,0,0,0,10058848,0,0
2017,UN,Nigeria,NG,CERF,0,0,0,0,9889471,21997157,0,0
2017,UN,occupied Palestinian territory,PS,CERF,0,0,0,0,4238419,0,0,0
2017,UN,Peru,PE,CERF,0,0,0,0,5167962,0,0,0
2017,UN,Philippines,PH,CERF,0,0,0,0,2477274,0,0,0
2017,UN,Republic of Congo,CG,CERF,0,0,0,0,4371548,0,0,0
2017,UN,Republic of the Sudan,SD,CERF,0,0,0,0,15456560,14169983,0,0
2017,UN,Somalia,SO,CERF,0,0,0,0,15033541,17959294,0,0
2017,UN,South Sudan,SS,CERF,0,0,0,0,15524589,0,0,0
2017,UN,Sri Lanka,LK,CERF,0,0,0,0,7196273,0,0,0
2017,UN,Uganda,UG,CERF,0,0,0,0,0,14986704,0,0
2017,UN,Viet Nam,VN,CERF,0,0,0,0,4213259,0,0,0
2017,UN,Yemen,YE,CERF,0,0,0,0,25553107,0,0,0
2017,UN,Zimbabwe,ZW,CERF,0,0,0,0,1585201,0,0,0
2018,UN,Afghanistan,AF,CERF,0,0,0,0,11937469,0,0,0
2018,UN,Angola,AO,CERF,0,0,0,0,0,2000950,0,0
2018,UN,Bangladesh,BD,CERF,0,0,0,0,0,18002515,0,0
2018,UN,Brazil,BR,CERF,0,0,0,0,1502535,0,0,0
2018,UN,Burkina Faso,BF,CERF,0,0,0,0,9015030,0,0,0
2018,UN,Burundi,BI,CERF,0,0,0,0,2350572,4999296,0,0
2018,UN,Cameroon,CM,CERF,0,0,0,0,5096994,9884487,0,0
2018,UN,Central African Republic,CF,CERF,0,0,0,0,0,9932158,0,0
2018,UN,Chad,TD,CERF,0,0,0,0,16982338,0,0,0
2018,UN,Colombia,CO,CERF,0,0,0,0,5929493,0,0,0
2018,UN,Democratic People's Republic of Korea,KP,CERF,0,0,0,0,0,10003768,0,0
2018,UN,Democratic Republic of the Congo,CD,CERF,0,0,0,0,30510947,27840104,0,0
2018,UN,Djibouti,DJ,CERF,0,0,0,0,1196791,0,0,0
2018,UN,Ecuador,EC,CERF,0,0,0,0,1499915,0,0,0
2018,UN,Eritrea,ER,CERF,0,0,0,0,0,4994295,0,0
2018,UN,Ethiopia,ET,CERF,0,0,0,0,30288894,0,0,0
2018,UN,Guatemala,GT,CERF,0,0,0,0,1559967,0,0,0
2018,UN,Haiti,HT,CERF,0,0,0,0,3157660,8985177,0,0
2018,UN,India,IN,CERF,0,0,0,0,4979186,0,0,0
2018,UN,Indonesia,ID,CERF,0,0,0,0,14425020,0,0,0
2018,UN,Kenya,KE,CERF,0,0,0,0,4945502,0,0,0
2018,UN,Lao People's Democratic Republic,LA,CERF,0,0,0,0,3509410,0,0,0
2018,UN,Lebanon,LB,CERF,0,0,0,0,1127942,0,0,0
2018,UN,Libya,LY,CERF,0,0,0,0,3653061,8105330,0,0
2018,UN,Madagascar,MG,CERF,0,0,0,0,1000000,0,0,0
2018,UN,Mali,ML,CERF,0,0,0,0,6997663,7999800,0,0
2018,UN,Mauritania,MR,CERF,0,0,0,0,3975873,0,0,0
2018,UN,Myanmar,MM,CERF,0,0,0,0,7206253,0,0,0
2018,UN,Niger,NE,CERF,0,0,0,0,9386907,0,0,0
2018,UN,Nigeria,NG,CERF,0,0,0,0,6866877,0,0,0
2018,UN,occupied Palestinian territory,PS,CERF,0,0,0,0,16265209,0,0,0
2018,UN,Pakistan,PK,CERF,0,0,0,0,0,7993805,0,0
2018,UN,Papua New Guinea,PG,CERF,0,0,0,0,9186710,0,0,0
2018,UN,Peru,PE,CERF,0,0,0,0,1975196,0,0,0
2018,UN,Philippines,PH,CERF,0,0,0,0,0,5031703,0,0
2018,UN,Republic of Congo,CG,CERF,0,0,0,0,0,3976882,0,0
2018,UN,Republic of the Sudan,SD,CERF,0,0,0,0,0,19997876,0,0
2018,UN,Rwanda,RW,CERF,0,0,0,0,0,3000067,0,0
2018,UN,Somalia,SO,CERF,0,0,0,0,17269031,0,0,0
2018,UN,Uganda,UG,CERF,0,0,0,0,6098619,16988192,0,0
2018,UN,Ukraine,UA,CERF,0,0,0,0,5904612,0,0,0
2018,UN,United Republic of Tanzania,TZ,CERF,0,0,0,0,0,9995458,0,0
2018,UN,Venezuela,VE,CERF,0,0,0,0,9202761,0,0,0
2018,UN,Venezuela Regional Refugee and Migration Crisis,XV,CERF,0,0,0,0,6203340,0,0,0
2018,UN,Yemen,YE,CERF,0,0,0,0,49909290,0,0,0
2018,UN,Zambia,ZM,CERF,0,0,0,0,6559772,0,0,0
2018,UN,Zimbabwe,ZW,CERF,0,0,0,0,3099371,0,0,0
2019,UN,Afghanistan,AF,CERF,0,0,0,0,0,15999997,0,0
2019,UN,Angola,AO,CERF,0,0,0,0,6342733,0,0,0
2019,UN,Bahamas,BS,CERF,0,0,0,0,1002151,0,0,0
2019,UN,Bangladesh,BD,CERF,0,0,0,0,5239236,10104523,0,0
2019,UN,Burkina Faso,BF,CERF,0,0,0,0,3998647,6011883,0,0
2019,UN,Burundi,BI,CERF,0,0,0,0,2384881,0,0,0
2019,UN,Cameroon,CM,CERF,0,0,0,0,0,16297676,0,0
2019,UN,Chad,TD,CERF,0,0,0,0,0,10979313,0,0
2019,UN,Colombia,CO,CERF,0,0,0,0,0,7991845,0,0
2019,UN,Comoros,KM,CERF,0,0,0,0,2994184,0,0,0
2019,UN,Cuba,CU,CERF,0,0,0,0,1995221,0,0,0
2019,UN,Democratic People's Republic of Korea,KP,CERF,0,0,0,0,5999898,0,0,0
2019,UN,Democratic Republic of the Congo,CD,CERF,0,0,0,0,13936464,31753453,0,0
2019,UN,Djibouti,DJ,CERF,0,0,0,0,1243368,4003125,0,0
2019,UN,El Salvador,SV,CERF,0,0,0,0,1998859,0,0,0
2019,UN,Eritrea,ER,CERF,0,0,0,0,0,2000112,0,0
2019,UN,Ethiopia,ET,CERF,0,0,0,0,21109759,0,0,0
2019,UN,Guatemala,GT,CERF,0,0,0,0,1986599,0,0,0
2019,UN,Haiti,HT,CERF,0,0,0,0,6136239,5018366,0,0
2019,UN,Honduras,HN,CERF,0,0,0,0,0,2999924,0,0
2019,UN,Islamic Republic of Iran,IR,CERF,0,0,0,0,1971476,0,0,0
2019,UN,Kenya,KE,CERF,0,0,0,0,8008589,0,0,0
2019,UN,Lesotho,LS,CERF,0,0,0,0,7850528,0,0,0
2019,UN,Libya,LY,CERF,0,0,0,0,3758398,0,0,0
2019,UN,Madagascar,MG,CERF,0,0,0,0,0,4998920,0,0
2019,UN,Malawi,MW,CERF,0,0,0,0,13352471,0,0,0
2019,UN,Mali,ML,CERF,0,0,0,0,0,6000088,0,0
2019,UN,Mozambique,MZ,CERF,0,0,0,0,28946686,0,0,0
2019,UN,Myanmar,MM,CERF,0,0,0,0,3494397,0,0,0
2019,UN,Niger,NE,CERF,0,0,0,0,8945682,7989787,0,0
2019,UN,occupied Palestinian territory,PS,CERF,0,0,0,0,0,7748483,0,0
2019,UN,Pakistan,PK,CERF,0,0,0,0,10280648,0,0,0
2019,UN,Philippines,PH,CERF,0,0,0,0,3066075,0,0,0
2019,UN,Republic of Congo,CG,CERF,0,0,0,0,2987422,0,0,0
2019,UN,Republic of the Sudan,SD,CERF,0,0,0,0,29362710,14003594,0,0
2019,UN,Rwanda,RW,CERF,0,0,0,0,1798007,0,0,0
2019,UN,Samoa,WS,CERF,0,0,0,0,2707068,0,0,0
2019,UN,Somalia,SO,CERF,0,0,0,0,49869672,0,0,0
2019,UN,South Sudan,SS,CERF,0,0,0,0,27932833,0,0,0
2019,UN,Uganda,UG,CERF,0,0,0,0,4304763,17991573,0,0
2019,UN,Ukraine,UA,CERF,0,0,0,0,0,6003065,0,0
2019,UN,United Republic of Tanzania,TZ,CERF,0,0,0,0,0,5989345,0,0
2019,UN,Venezuela,VE,CERF,0,0,0,0,0,10015686,0,0
2019,UN,Venezuela Regional Refugee and Migration Crisis,XV,CERF,0,0,0,0,0,6000000,0,0
2019,UN,Yemen,YE,CERF,0,0,0,0,31666052,0,0,0
2019,UN,Zambia,ZM,CERF,0,0,0,0,7988674,0,0,0
2019,UN,Zimbabwe,ZW,CERF,0,0,0,0,14105895,0,0,0
2020,UN,Afghanistan,AF,CERF,0,0,0,0,0,12999965,0,0
2020,UN,Angola,AO,CERF,0,0,0,0,3501693,0,0,0
2020,UN,Bangladesh,BD,CERF,0,0,0,0,10201131,4890052,0,0
2020,UN,Burkina Faso,BF,CERF,0,0,0,0,10005433,6001148,0,0
2020,UN,Burundi,BI,CERF,0,0,0,0,0,5000231,0,0
2020,UN,Cameroon,CM,CERF,0,0,0,0,8716990,0,0,0
2020,UN,Chad,TD,CERF,0,0,0,0,4505172,12020162,0,0
2020,UN,Colombia,CO,CERF,0,0,0,0,0,3996369,0,0
2020,UN,Democratic People's Republic of Korea,KP,CERF,0,0,0,0,0,4999689,0,0
2020,UN,Democratic Republic of the Congo,CD,CERF,0,0,0,0,40093123,29983890,0,0
2020,UN,Djibouti,DJ,CERF,0,0,0,0,1727350,0,0,0
2020,UN,Eastern Africa,XA,CERF,0,0,0,0,10000000,0,0,0
2020,UN,El Salvador,SV,CERF,0,0,0,0,2999884,0,0,0
2020,UN,Ethiopia,ET,CERF,0,0,0,0,8000000,0,0,0
2020,UN,Fiji,FJ,CERF,0,0,0,0,1002748,0,0,0
2020,UN,Global,XG,CERF,0,0,0,0,120074574,0,0,0
2020,UN,Guatemala,GT,CERF,0,0,0,0,0,4993677,0,0
2020,UN,Haiti,HT,CERF,0,0,0,0,0,11999406,0,0
2020,UN,Honduras,HN,CERF,0,0,0,0,0,5000038,0,0
2020,UN,Jordan,JO,CERF,0,0,0,0,0,6000400,0,0
2020,UN,Kenya,KE,CERF,0,0,0,0,3006018,0,0,0
2020,UN,Lebanon,LB,CERF,0,0,0,0,5999480,12988434,0,0
2020,UN,Lesotho,LS,CERF,0,0,0,0,750002,0,0,0
2020,UN,Madagascar,MG,CERF,0,0,0,0,3999920,0,0,0
2020,UN,Mali,ML,CERF,0,0,0,0,6999805,0,0,0
2020,UN,Mauritania,MR,CERF,0,0,0,0,0,5999379,0,0
2020,UN,Mozambique,MZ,CERF,0,0,0,0,7003078,6999888,0,0
2020,UN,Namibia,NA,CERF,0,0,0,0,3000029,0,0,0
2020,UN,Niger,NE,CERF,0,0,0,0,11020468,10951370,0,0
2020,UN,Nigeria,NG,CERF,0,0,0,0,0,13001946,0,0
2020,UN,occupied Palestinian territory,PS,CERF,0,0,0,0,22293277,0,0,0
2020,UN,Pakistan,PK,CERF,0,0,0,0,5999902,5974274,0,0
2020,UN,Philippines,PH,CERF,0,0,0,0,3113674,0,0,0
2020,UN,Republic of Congo,CG,CERF,0,0,0,0,6926982,0,0,0
2020,UN,Republic of the Sudan,SD,CERF,0,0,0,0,100173438,0,0,0
2020,UN,Rwanda,RW,CERF,0,0,0,0,1000000,0,0,0
2020,UN,Somalia,SO,CERF,0,0,0,0,22090543,0,0,0
2020,UN,South Sudan,SS,CERF,0,0,0,0,26599346,0,0,0
2020,UN,Southern Africa,0SOA,CERF,0,0,0,0,2000000,0,0,0
2020,UN,Syrian Arab Republic,SY,CERF,0,0,0,0,29995744,24887326,0,0
2020,UN,Uganda,UG,CERF,0,0,0,0,3951312,4999336,0,0
2020,UN,Vanuatu,VU,CERF,0,0,0,0,2605385,0,0,0
2020,UN,Viet Nam,VN,CERF,0,0,0,0,2999889,0,0,0
2020,UN,Yemen,YE,CERF,0,0,0,0,0,34999938,0,0
2020,UN,Zimbabwe,ZW,CERF,0,0,0,0,34893136,0,0,0